,titles,category
0,    만원짜리 디올백  한국 집권여당을 뒤흔들다       ,World
1,  공화경선  헤일리  투표 종료   분 만에 패배 인정 사퇴 대신 출정식,World
2, 이변없었다   공화 트럼프 민주 바이든 승리 헤일리는 선전 종합 ,World
3,사면초가 보잉 당국 조사 속 항공업계    들 공개 비판까지,World
4,월스트리트저널  김건희 명품백 수수  한국 정치권 뒤흔들어 ,World
5,우크라에 떨어진 러 미사일서 한글     발견  북한제 동원 ,World
6, 금리 인하  기대감에 고심 커진 라가르드 조은아의 유로노믹스 ,World
7, 바이든은 학살자  이스라엘 제어 못하자 유세장서 비난 이어져,World
8, 주요국 중 미일만 중국 중간재 수입비중 축소 디커플링 확인 ,World
9,트럼프   연승 새역사   대선후보  고지 가 보인다,World
10, 영상  원샷 원킬  우크라 저격수들  하룻밤 새 러    명 사살 포착 ,World
11,혹한에 기차 밖 내던져져 숨진 고양이에 러시아 들썩,World
12,나토 사무총장  임박한 러시아  위협 없다  안보 불안 일축,World
13, 영상  로켓 맞고 건물 붕괴  이스라엘군   명 몰사 하마스 영상 공개,World
14,러  키이우 하르키우  미사일 공격  우크라 약점 찾으려  릴레이 공습 ,World
15,트럼프 바이든 뉴햄프셔 경선 각각 승리 재대결 조기 확정될듯 종합 ,World
16,일본  수능  한국어 시험에 몇 명이나 응시할까,World
17, 풍계리 핵실험장 초기 위성사진 보니    년전 착공 추정 ,World
18, 연승 행진  트럼프  대세론 굳히나,World
19,달에 사는 토끼 시끄러울듯     여개국 표면탐사한다고 난리,World
20, 트럼프 대세론  못뒤집었다  중도층 두터운 뉴햄프셔서도 헤일리 패배,World
21, 조용히 사라진 줄 알았나      억  한 방  투자나선 이 남자,World
22,러시아 가는 북한인 급증  북러밀착 속 외화벌이 의심도 ,World
23,디샌티스 뒤끝   언론이 트럼프 승리 기정사실화 경선 악영향 ,World
24,세계 속 미국의 위치는  트럼프 헤일리  외교 입장 대결  뉴햄프셔 경선 ,World
25, 월 마이너스 금리해제 준비    금융당국  금리 인상  대비 점검 착수,World
26,     트럼프 뉴햄프셔 경선 승리 전망  이변 없었다  종합       대선 ,World
27, 정책 집단 으로 명칭 바꿔 자민당 계파 존속  기시다 개혁안 한계,World
28,트럼프 경선 승리 바라는 민주당   부동층 등 표심 결집 ,World
29,푸틴   월 이후 방북할 듯      북러 밀착 우려 ,World
30,이변은 없었다     뉴햄프셔 공화 경선  트럼프 승리 ,World
31,다자대결  트럼프에 더 밀리는 바이든,World
32,세계는 벌써  트럼프 시즌   시나리오 준비,World
33,지구 종말 시계  종말까지   초   핵 위협    등이 변수,World
34,우크라 땅에 떨어진 러 미사일  열어보니 한글    이 ,World
35,부끄러운 역사 지우기 나선 일본  강제동원 조선인 추도비  철거,World
36,구찌  뉴욕서  조원대 건물 매입 대기업  건물주 되기  열풍,World
37,트럼프    뉴햄프셔주 경선 승리 큰 차이 내진 못해,World
38,러시아 가는 북한인 급증  북러밀착 속 외화벌이 재개될 수도 ,World
39,선거의 해에 기승 부리는     가짜 목소리   나 바이든인데 ,World
40, 뉴스포커스  뉴햄프셔 경선 투표 종료  트럼프 대세론  굳힐까,World
41,중화권 시가총액   년간  천조원  증발   영국    의  배,World
42, 자동차   서 고전 점유율  년 연속 하락    까지 추락,World
43, 칼럼  국보법 들어  민주국가    그다지 자유주의적이진 않아 ,World
44,다시 확인된 트럼프 대세론 뉴햄프셔서도 승리 확실시 상보 ,World
45, 애플카  출시 또 미뤘다  테슬라 모방 제품  내부서도  시끌 ,World
46,트럼프   공화당  차전 뉴햄프셔 승리   헤일리  경선 안 끝나 ,World
47,알리바바 주식 매각한다던 마윈 창업자     억원어치 사들였다,World
48,중국 당국 나선다   증시 급락하자 대규모 자금 투입 예고  지금이뉴스 ,World
49,대출 손실 급증에   은행 채권 사들이는 사모 헤지펀드,World
50,    뉴햄프셔 경선에서도  트럼프 가 승리했다 ,World
51, 수낵 총리 사퇴해야  난민 르완다 송환에   보수당 내분,World
52,지구 종말까지    초  남았다   핵위협  온난화가 요인 ,World
53, 애플  자율주행 전기차 출시 또 연기  빨라야     년 ,World
54, 포착  우크라 병사  중기관총으로 러 순항미사일 격추,World
55,트럼프  대세론  굳히나  뉴햄프셔 프라미어리 승리,World
56,   이라크 내 친이란 민병대 공습  우리군 공격 대응 조치  이 팔 전쟁 ,World
57,트럼프 독주 이대로 쭉  확산하는  대세론 ,World
58, 바이든   민주 뉴햄프셔 비공식 경선 승리     ,World
59,      대선     트럼프  뉴햄프셔 경선 승리   대세론  입증,World
60, 우크라에 꽂힌 러 미사일     한글 확인 북한제 증거   포착 ,World
61, 미쳤다  아카데미에 감사  한국계  감독 부친  알고 보니,World
62,규모     강진  노토반도 핵심 도로 복구에 수년 걸릴 듯,World
63,왕이 될 수없는    외동딸 아이코 공주  첫 직장은 적십자,World
64,투자자들  차이나런  중화권 증시 시총     조원 증발,World
65, 둠스데이  종말까지   초   전쟁  기후  그리고 마지막 이유 ,World
66, 속보    뉴햄프셔 공화 경선  트럼프 승리 ,World
67, 속보   트럼프   뉴햄프셔 경선도 이겼다    대세론 쐐기,World
68,  타임스 보도인력        명 해고     년 역사상 최대 감원,World
69,러 미사일에서 한글     나왔다     미사일이란 단서 ,World
70,미 국방부  미 지원 중단 따라 우크라 전선 탄약 고갈 시작 ,World
71,오를 줄 알았는데 비트코인  현물     출시 후     급락,World
72,  공화 뉴햄프셔 경선도 트럼프 승리   헤일리  사퇴 안해 ,World
73,인니 대선 후보 모두 남성인데  숨은 실세는  여성 킹메이커 ,World
74,멕시코 최대갑부 슬림   년간 자산    증가     조원 ,World
75,엔화    장기금리 상승에  달러    엔대 전반 하락 출발,World
76,미 공화 뉴햄프셔 경선 개표 시작 헤일리 초반 기세 우세,World
77,트럼프  바이든과 대결서 헤일리보다 내가 낫다  대세론 굳히기,World
78,마윈  알리바바 지분    억원 규모 매입  주가    급등,World
79,  포함   개국    의 후티 재공습에  번째 지지 성명,World
80,  포함   개국    의 후티 재공습에  번째 지지 성명,World
81,        만원짜리 디올백    여당을 뒤흔들다   김건희 논란  대서특필,World
82,넷플릭스        년 중계권에  조  천억 투입    역대 최고 금액 ,World
83,북극 한파에 뒤덮인 동북아 제주도 이어 일본도 폭설,World
84,홍콩 민사 소송    본토서 판결 집행 자산 엑소더스 부르나,World
85, 이 하마스  한달 휴전과 인질 수감자 교환에 원칙적 합의 ,World
86,파벌은 인사추천 없는  정책집단  존속 의원들 명절  떡값  폐지,World
87, 러시아  사용 신호 지구종말시계  남은 시간은   초 ,World
88,막 오른 뉴햄프셔 경선 한국 시간 오늘 낮 판가름,World
89, 인터뷰   트럼프  감옥 가면  그래도 대통령 될 수 있나  ,World
90, 뉴스라이더  트럼프  쐐기     헤일리  반격    뉴햄프셔 경선 결과는 ,World
91, 한국 포함    개국  미 영 후티 추가공습 지지 성명,World
92,  대선 앞두고     등장한 트럼프 ,World
93,    예멘 후티 반군 추가 공습에  한국 등   개국 지지 성명,World
94,막오른 뉴햄프셔 경선 한국 시간 오늘낮 판가름,World
95, 눈사람 판매합니다  눈 내리면 등장하는   노점상 화제  여기는 중국 ,World
96,야심작 자율주행 전기차 애플카 출시 또 지연   빨라야     년 ,World
97,러시아가 우크라에 쏜 미사일에 웬 한글이    표기     미사일 사용 명백 ,World
98,       러 스파이 모집  영상 공개 우크라전쟁 둘러싸고 신경전,World
99,이스라엘 헤즈볼라 전면전 발발하나,World
100,러  우크라이나 키이우 대공습   명 사망,World
101,  개국  미 영 후티 추가공습 지지 성명 한국도 포함,World
102,우크라에 쏜 러 미사일에  한글  나왔다    미사일 단서 ,World
103,트럼프  압승   헤일리  접전   공화 뉴햄프셔 경선 최대 관전포인트,World
104,우크라에 쏜 러 미사일에 새겨진  한글     미사일 사용 ,World
105, 공화 경선 분수령 뉴햄프셔  트럼프 쐐기    헤일리 대반전 ,World
106,트럼프 독주냐  헤일리 추격이냐 뉴햄프셔 경선 곧 종료,World
107,중대 분수령 뉴햄프셔 경선 시동 트럼프 독주 굳어지나,World
108, 멸망까지   초 남았다  지구종말시계가 경고하는 위험들은 ,World
109, 자막뉴스  몰아치는 역습   무기 총동원한 러시아의  파죽지세 ,World
110,미군  이라크 내 친이란 민병대 거점 공격,World
111,보잉 압박 수위 높인 유나이티드항공 실적호조에 주가    급등,World
112,   이라크 내 친이란 민병대 공습  미군 공격에 직접적 대응 ,World
113, 멸망까지   초    아인슈타인이 만든 지구종말시계      년에 경고,World
114,    조원 실화   빈부격차 극심  이 나라 서  탑  부자  자산은  년간     ,World
115,도요타    년 만에  기업 시총 기록 경신  버블기     넘었다,World
116, 이 팔  한달 휴전에 원칙적 동의  영구 휴전  조건엔 이견  로이터,World
117, 트럼프 고령  꼬집는 헤일리측  나이 들어 대화 파악 힘든 듯  뉴햄프셔 경선 ,World
118,헤일리  뉴햄프셔에서 트럼프 압승해도 경선사퇴 안해 ,World
119,   대만 침공시 개입   질문에 트럼프  대만이   반도체 사업 다 가져갔다 ,World
120, 아르헨 르포  대중교통요금      급등 예고에도  그 정도면  ,World
121,러시아  우크라에 또 대규모 공습  최소   명 사망    명 부상 ,World
122,스웨덴  나토 가입  부 능선 넘었다  친러  헝가리만 남아,World
123,이스라엘에게 끌려다니는 바이든   치명적 약점  보인 초강대국   녹취록 ,World
124,하수구 안에 던진 폭죽  펑  맨홀 뚜껑 날려버린   아이들,World
125,한미 등   개국  후티 반군 규탄  미 영 공습 지지 성명,World
126,하락세  증시   증시와 시총차   조달러 역대 최대,World
127, 테무 쉬인  중국업체에 뿔난 멕시코 유통업계  꼼수 면세 의심 ,World
128,러 매체  삼성 러시아 공장  현지업체가 임대나 매각할 수도 ,World
129, 트럼프  다자대결시 바이든에    포인트 앞서 ,World
130,일본서 정전으로  신칸센  정지 복구 과정서 폭발 사고,World
131,뉴햄프셔 경선 시작 트럼프 공화당 후보 확정 주목,World
132, 테무 쉬인   업체에 뿔난 멕시코 유통업계  꼼수 면세 의심 ,World
133,멕시코 억만장자 넘버     빛의 속도 로 자산 늘었다,World
134,푸틴   월 대선 이후 방북할듯   년만 처음,World
135,차익 실현 움직임 속 뉴욕증시 혼조 다우        데일리국제금융시장 ,World
136,   후티 공습해 미사일   기 등 파괴 상당한 타격 ,World
137,지구 종말까지   초 전  핵 위협 기후 변화 등 위험요소 ,World
138,러  키이우 하르키우 집중 폭격  최소   명 사망 ,World
139,유엔사무총장   개국 해법 외에는 출구 없어   중동전 확대우려,World
140,트럼프 바이든  격차  더 벌어져 다자대결 시     차,World
141,뉴욕증시  실적장세 본격화 최고가 경신 부담에 혼조 마감,World
142,테슬라       루시드        전기차 니콜라 제외 일제  종합 ,World
143,북한 풍계리 핵실험장     년부터 건설  핵보유 야심 초기부터 선명,World
144,국제유가 소폭 하락 한파로 중단된  시설 재가동 리비아 생산 재개,World
145,미국 중국 증시 시총차   조 달러  경   사상 최대,World
146,뉴욕증시  기업 실적 주시하며 혼조 마감     또 최고치 종합 ,World
147,지구 종말까지 단    초   분쟁지역 핵확산 위협  기후변화 죽음 파괴 야기 ,World
148,지구종말시계  종말까지   초  핵 보유국 전쟁 개입 우려 커 ,World
149, 깜빡이 좀 켜고 들어와  택시 기사님이 화났다 중국나라 ,World
150,프라다 이어 구찌도 맨해튼 고가 빌딩 사들였다,World
151,엔비디아     상승에 필라델피아반도체지수       ,World
152,핵과학자들  지구 멸망까지 남은 시간   초  역대 최단 유지,World
153, 러 선박  척  북 나진항서 화물 싣고 회항 ,World
154,트럼프 대세론    헤일리 바람 뉴햄프셔주 결과 곧 공개,World
155,엔비디아 또 사상 최고  주가    달러 돌파 눈앞,World
156, 공화 경선 분수령 뉴햄프셔  트럼프 쐐기    헤일리 대반전 ,World
157, 르포 짬 내 온 직장인  자녀 손잡은 주부도 줄섰다 뉴햄프셔 경선 참여 열기,World
158,막 오른 뉴햄프셔 경선 한국 시간 오늘 낮 판가름,World
159,  공화당 뉴햄프셔 경선  분수령  금융시장 미칠 영향은 ,World
160,이스라엘군  칸 유니스 포위작전서 하루   명 전사  발표,World
161,지구 종말까지    초   기록 경신중인 온난화  핵위협 ,World
162, 실적장세  미증시 혼조        은  일연속 사상최고 상보 ,World
163,중국  대만 경제 무역 보복 돌입하나 징후 감지돼,World
164,러시아 대규모 공습에  우크라 최소   명 사망 ,World
165,  농촌 노인들  손주 세뱃돈 주다 거리 나앉을 판  정부까지 지도 나섰다,World
166,러  키이우 하르키우 대규모 공습  최소   명 사망  종합 보 ,World
167,러  우크라 키이우 등에 미사일   발  명 사망   명 부상,World
168, 뉴욕유가  리비아 생산 재개   한파 영향 속 하락,World
169,   러   미사일 우크라에 또 사용 북 러협력  김정은에 혜택  종합 ,World
170,바이든  진짜 패배하나  트럼프에    까지 뒤져 ,World
171,빈부격차 극심  탑  부자  자산     늘었다,World
172, 푸틴  대선 전엔 방북 계획 없다 ,World
173, 지구종말시계    초 남았다 ,World
174,트럼프 승리 쐐기냐  헤일리 반전이냐  민주는  낙태권  재점화,World
175, 트럼프  파죽지세  무섭다  년전 보다 더 저돌적이고 공격적 ,World
176,       달려와 영하   도 차박 트럼프 맹신한  성난 사람들     뉴햄프셔 프라이머리 가다 ,World
177, 여자라 할 수 없단 말 하지마라    세  일본판 송해  롱런 비결,World
178,러  키이우 등 대규모 공습   나토  우크라에 포탄 지원 계약,World
179, 지구종말시계  종말까지   초 작년과 같지만 안정 의미 아냐 ,World
180,   러   미사일 우크라에 또 사용 북 러협력 심화 우려 ,World
181, 여혐  콧방귀 끼던 헤일리  이제  여자가 승리     남녀 대결 띄웠다,World
182,막판 동분서주 헤일리  미래를 보자   트럼프는  대관식  준비 분주,World
183,그때는 맞고 지금은 틀리다  코로나 끝나자  팬데믹 협정  외면하는 선진국,World
184,큰 지진 났는데 원전 괜찮아  노토반도 시카 원전 재가동 논란,World
185, 바이든  다자대결서 트럼프에      뒤져 ,World
186,  대만 전문가     대만 침공보다 봉쇄 가능성 커 ,World
187,  년만에 처음 푸틴   월 대선 이후 방북할듯 재종합 ,World
188, 뉴햄프셔 경선  공화당 경선 중대 분수령에 투표소밖   여 까지 대기 행렬,World
189, 푸틴  대선 전엔 방북 계획 없어   월 이후 갈듯 종합 보 ,World
190,트럼프 독주체제    헤일리 이변 뉴햄프셔 경선 주목,World
191, 연방대법  멕시코 국경 철조망 제거   트럼프측  집권땐 재건 ,World
192,      민간 선박 공격  후티 추가 공습  후티  홍해 계속 막겠다 ,World
193,왕위와 멀어진   의 외동딸  첫 직장은 적십자,World
194,종교 갈등  선거 동력으로  모디  연임 노린  힌두교 정치 ,World
195, 르포 트럼프  내일 한명 사라질것  헤일리  경선은 마라톤 ,World
196,   위협  현실이 된  대선   바이든 딥페이크 음성  유포,World
197,빈부격차 극심한 멕시코서  탑  부자  자산  년간     늘어,World
198,호주 최대 건강보험사 해킹범은 러시아인     공동제재 종합 ,World
199,트럼트 독주냐  헤일리 반전이냐  공화당  차경선 뉴햄프셔 개시,World
200,뉴욕증시  차익실현 압박에 혼조세로 출발,World
201,러시아 매체  삼성 러시아 공장  현지업체가 임대할 수도 ,World
202, 북한  김정은 지시로 통일 대헌장기념탑 철거    뉴스,World
203,수면 질 떨어뜨리는 이 음료  한 달에  번만 마셔도 영향 있다,World
204,하마스 유탄에 이스라엘 병사   명 몰사 개전 후 최대,World
205,맨홀 뚜껑까지  펑펑   춘제 앞둔   폭죽놀이 비상,World
206,러 매체  삼성 러시아 공장  현지업체가 임대할 수도 ,World
207,      주 전  골드만삭스  연준   월에 금리 내린다 ,World
208,이스라엘  하마스에 휴전 제안 미국은  두 국가 해법  압박,World
209, 하마스  이스라엘의 두달 휴전안 거절 해외 탈출안도 거부 ,World
210, 투표 말라  바이든 목소리는 가짜 긴장 속 뉴햄프셔,World
211, 미스 일본 에 외국인    대회 취지 맞지 않아      인종은 상관없다 ,World
212,또다시 지진 중국 신장서 규모     강진에 사상자  명 발생,World
213,트럼프   반도체 사업 다 가져갔다    또 대만 방어에 부정적 답변,World
214,이스라엘 군인   명 하루동안 전사 지상전 최악의 날 종합 ,World
215,중국 키르기스스탄 국경서 규모   강진 중국서  명 사망 종합 ,World
216,인도 증시  홍콩 제치고 세계  위 시장 도약 시총  조    억 ,World
217,갤럭시      인도 판매 신기록 사전예약  일 만에   만대 돌파,World
218,푸틴  러 대선 이후 방북할 듯   년 만,World
219, 뉴햄프셔주 경선 투표 시작 트럼프 대세론    헤일리 반격,World
220, 뉴햄프셔주 경선 투표 시작 트럼프 대세론    헤일리 반격,World
221, 블핑 리사와 열애설  루이비통  넷째       이사회 입성한다,World
222,크렘린궁 대변인  푸틴   월 대선 뒤 방북할 듯  종합 ,World
223,뉴햄프셔  이번엔  오작동 풍향계  오명 벗나,World
224, 헌법재판소  극우 조국당  민주주의 파괴 목표 국가자금 지원 안 돼  판결,World
225,인공지능 열풍에       유럽 내 시가총액  위로 도약,World
226,넬슨 만델라 유품 무더기 경매  발칵 ,World
227,일주일 넘게 미국 얼린 북극 한파 이번엔 홍수 위험,World
228,트럼프  내일이면 남은 한 명 사라질 것  헤일리에 사퇴 압박,World
229, 러 선박  척  북 나진항서 화물 싣고 회항 ,World
230,   열풍에       유럽 내 시가총액  위로,World
231,튀르키예 의회   오늘 중으로  스웨덴의 나토가입 비준예상,World
232,     주가  유럽 내 시가총액  위  인공지능 열풍 ,World
233, 트럼프 헤일리 맞대결  뉴햄프셔 투표 시작 공화당 경선 분수령,World
234,중국 윈난성 산사태 사망자   명으로 아직   명 행방불명,World
235,독일 극우정당 재정지원 끊어    도 헌재 가나,World
236,머스크   에  유대주의 가장 적어 ,World
237,토요타 회장  전기차 점유율     못 넘을 것 ,World
238, 이스라엘  인질석방 두달 휴전 제안 하마스 수뇌부 가자 탈출도 제의 ,World
239,니켈값  년 새  반토막   위 생산국 울상,World
240, 월드 이슈  달탐사 경쟁 치열 일본은  절반의 성공 ,World
241,중국 신장 규모     강진  인접국도 진동 윈난 산사태 구조 난항,World
242,유세장 앞자리 독점  사생팬   트럼프는 미국의 영웅  아이언맨 ,World
243, 투표 말라  바이든 목소리는 가짜 긴장 속 뉴햄프셔,World
244,애플     헤드셋  비전 프로  판매 호조에 시총  위 복귀,World
245,중국 윈난성 산사태  사망자   명으로 신장엔 규모     강진,World
246,    억 들여 복원한 힌두사원 알고보니 본인 출정식 무대  셀프준비 ,World
247,만델라 유품 무더기로 경매에 정부 반대  유족은 내홍,World
248,일본 고속철도 신칸센  정전사고로 대규모 운행 중단,World
249,    년생    아이코 공주가 택한  첫 직장 ,World
250,  마이너스 금리 유지하지만  물가 임금 선순환 진전  해제 한발 가까이,World
251,  매체  이스라엘  인질 석방  개월 교전 중단 제안 ,World
252, 여권 안 챙겼는데  겨울 폭풍에   국내선  다른 나라 착륙,World
253,미스 저팬 맞아  우크라이나 출신 귀화 여성이   미인대회  위,World
254, 미스 일본 에 우크라이나 출신   일본인 맞나   논란,World
255,이스라엘군 지상전 최악의 날 하루 새   명 사망 종합 ,World
256,디샌티스 후보 사퇴에  지지율 상승한 트럼프 독주 태세,World
257,중국 신장 규모     강진  인접국도 진동 윈난 산사태 구조 난항,World
258,물밑서 출구 전략 찾는 이스라엘    개월 휴전 인질 전원 석방  제안,World
259, 트럼프 재선시    반도체 위기    최악의 상황 진단  지금이뉴스 ,World
260,이스라엘   휴전위해 하마스 고위지도자 가자 떠나라  제안 이 팔 전쟁 ,World
261,나토     조원 규모 포탄 공동구매 계약 체결 우크라 지원,World
262,하마스 공격에 이스라엘 병사   명 사망 개전후 최대,World
263,     국가 해법  촉구에 이스라엘 엉뚱 제안  가자 앞바다 인공섬   중동 화약고  이스라엘 팔레스타인 분쟁 ,World
264,유럽 겨울 폭풍에 비행기 잇따라 회항 미국  북극한파 가고 홍수 비상,World
265,승계 못하는   아이코 공주  취업한다 첫 직장은 어디 ,World
266,하마스 공격으로 이스라엘군   명 몰사 개전 후 최대,World
267, 북극한파에 맥 못추네  전기차 수요 둔화에 니켈 가격도 급락,World
268,미 영  친이란 후티 홍해공격 기반에 다시 대대적 공습 종합 보 ,World
269,전기차 수요 둔화에 니켈 가격도 급락 인니 광산업체  울상 ,World
270,하마스    에 와르르 이스라엘 군인   명 전사  개전 후 최대,World
271,하마스 공격에 이스라엘 병사   명 몰사 개전후 최대 종합 ,World
272,  뉴햄프셔 공화당 경선    지지자들  어차피 대세는 트럼프 ,World
273,정부 지출 삭감  서방에 원조 요청  에콰도르   갱단과의 전쟁  장기전 채비,World
274,닛케이  경기 정책  훈풍    년만에  버블  넘어서는  ,World
275, 경제합시다  트럼프가  뜨면  기준금리가  떤다 ,World
276,  다우지수      최고치 경신 나스닥도  초읽기 ,World
277, 의 전쟁  게임 체인저     가 포기한  꿈의 포탄  개발  지금이뉴스 ,World
278,막오른 뉴햄프셔경선 트럼프  헤일리  내일 사라져  헤일리  트럼프  겁먹어 ,World
279, 연준  물가보다 침체 대응에 기울었다 현시점 침체 확률     ,World
280, 브렉시트  영국처럼 독일도  덱시트     극우정당의  베팅  먹힐까 ,World
281,     개발 포기한 레일건 제작 성공  실전능력은 미지수,World
282, 투표마라  트럼프 돕는 일  바이든이 건 전화  알고 보니      녹취록 ,World
283,하마스 공격에 이스라엘 병사   명 몰살 이  아군 폭발물 터져 ,World
284, 연임 노리는 모디 인도총리   힌두교 성지서 황제같은 출정식,World
285,    금리 동결했지만   월 인상론  힘받는다,World
286,곤두박질 친  증시 금융위기 때보다 실탄  배 더 투입,World
287,전문가들  중국  대만 침공보다 봉쇄 가능성 커 ,World
288,미    등 국제사회는  종전  압박 이스라엘은   개월 휴전  제안,World
289,왕위 멀어진 일왕 외동딸 아이코 공주  첫 직장은 어디 ,World
290,  단종   년만  플로피디스크  퇴출  비용 시간 절감 ,World
291, 중국 경제 둔화에  억명 중산층 붕괴 위기 ,World
292, 투표하지 말라  바이든 목소리로 걸려온 전화  알고보니     ,World
293, 뉴스   트럼프  대선 후보 굳힐 듯   헤일리  최후의 추격전,World
294,미스 일본 우승자는 우크라 출신 귀화 여성  인종의 벽 넘었다 ,World
295,  비트코인 현물     해킹은 심 스와핑 공격 때문 ,World
296, 미인대회 우승한 우크라 출신 귀화인  다양성 인정 원해 ,World
297, 러시아 대비  독일  병력  만명 증강하기로 외인 입대 허용 거론,World
298, 위 굳히기          맥라렌 스타일 고급 전기차 출시,World
299,우크라     발 쏠 때 러시아는  만발   북한산 무기  위협 증폭,World
300, 자막뉴스  초강대국  지옥의 미사일 폭풍   대규모 무기마저 비웃는 후티 반군,World
301, 뉴스속 용어 가격 인하가  캐즘         극복 촉매제 될까 ,World
302, 월클뉴스  미국 증시는 이미  어대트   날개 단  트럼프 테마주 ,World
303, 같은 정당 맞나  골 깊어지는 트럼프 헤일리 지지자들 뉴햄프셔의 선택은,World
304,   위협 현실화된  대선  바이든 딥페이크 음성  유포,World
305, 영상  미 영 연합  후티 반군 기지 공습 미사일 무기고 등  곳 타격,World
306,중국 신장자치구서 규모     강진   구호 인력     명 급파,World
307, 투표하지 말라 는 가짜 바이든    선거개입  현실이 됐다,World
308,    대만 침략보다 봉쇄 나설 듯  지원 없으면  개월 저항 ,World
309,트럼프  친바이든  헤일리  혼란의 인물  뉴햄프셔 최종 유세 격돌,World
310, 올해 대만해협 위기 가능성 중국  상륙보다 격리 봉쇄 전망 ,World
311,   북극 한파  물러가자 폭우 덮쳤다     만명 홍수 위험,World
312,이란  엄청난 파괴력 있는 미사일 공격   경악한 이스라엘   녹취록 ,World
313,일본은행  통화정책 동결 금리인상 시점  결정 안 됐다 지만 ,World
314,이상기후에 널뛰는   날씨 혹한 직후 최대     기온 급상승,World
315, 영상  미 영 후티 총공습     저항의 축  지원하는 이란 확전  레드라인  경고,World
316,중국군 과학자  미국이 포기한  레일건  마하 로 개발  주장,World
317,블룸버그  미 중 반도체 전쟁에 어려움 처한 한국   편에 서야 ,World
318,헬기 타고 콜드플레이 보러 간 필리핀 대통령     기후 악당  비판 쏟아진 이유는 ,World
319,   일자리 침공이 예상보다 더딘 이유는  슬프게도  가성비 ,World
320,북한이 전쟁 불사한다고       전문가 대다수 동의 안해 ,World
321,  증시   년  최저치 추락에 시장안정기금    조원 투입,World
322, 뉴스속 용어 지갑닫는   중산층 재테크 트렌드  특공대식 예금 ,World
323,가자전쟁  정책에 뿔난 반전단체  투표용지에  휴전  적어라 ,World
324, 대법  멕시코 국경 철조망 제거 허용  바이든 행정부 손 들어줘,World
325,중국  증시 급락에    조원 투입 검토 항셍      ,World
326,      조원 규모 부양책 검토 홍콩 항셍지수 상승,World
327,트럼프 조기확정이냐  헤일리 기사회생이냐 막 오른 뉴햄프셔 결투,World
328,도요타 주가  연초대비     상승   기업 시총 역대  위 ,World
329,끈끈한 동료애 보여준 네이비실 미 해군  순직자  명 신원 공개,World
330, 우크라 침공은 치명적 실수  푸틴에 도전장 낸 간 큰 대선후보 피플  포커스 ,World
331,중국  대만 침공 역량은 아직     봉쇄하면 대만    개월 버틸 듯 ,World
332, 어차피 트럼프    세계는 벌써  트럼프  기  준비중 디브리핑 ,World
333,기세 오른 트럼프  사법 리스크에도 굳건   신속 재판 가능성 ,World
334,  신장자치구서     규모 강진 여진   차례 발생,World
335,    강세흐름 놓칠라  다우 사상 최고치 경신,World
336, 헤일리  내일 사라져   트럼프  겁먹어  막판 유세서 날선 공방전  뉴햄프셔경선     ,World
337,하마스 공격에 이스라엘 병사   명 전사 개전후 최대,World
338,중국  조위안 긴급 투입에도  항셍지수 바닥 점치는 사람 없다 ,World
339,북한제 최신 미사일 나타났다   우크라 방공망  위태위태 ,World
340,북한제 최신 미사일 나타났다   우크라 방공망  위태위태 ,World
341,이스라엘  휴전 협상 와중 가자 남부 맹폭    안전지대 마저 공격,World
342, 미스 일본  우승한 우크라 출신 귀화인 반응 갈려 영상 ,World
343,  대만 경제 보복 돌입 기류 감지   대만 침공보단 해협봉쇄 가능성 높아 ,World
344, 러시아 많은 화약고 만들 것     북 러 밀착 예의주시,World
345, 우크라전  러 스파이 모을 절호의 기회         포섭 박차,World
346,    대만 침공 아닌 봉쇄 택할 것   개입 없으면  개월 버틴다 ,World
347,  보란 듯  공군 정찰기 대만 공역 비행  민항기에 포착,World
348,   인도양 몰디브에 위장 첩보함 파견 인도군  촉각 ,World
349, 신장   년 만의 강진  부상자  명  인구밀도 낮은 지역,World
350,길거리 연주하던 영국 유튜버 중국인들의 이 말 듣고 싸운 이유,World
351, 애국주의 열풍에    샤오미  애플 제치고 중국 스마트폰 판매  위,World
352, 뉴햄프셔경선      헤일리  김정은에 웜비어 면죄부  트럼프  내가 데려와  종합 ,World
353,경기 정책  두날개     증시 역사점 고점,World
354,  공군 전락폭격기        자위대와 동해서 합동훈련 진행,World
355,     불기둥 곧 열린다  전망 바이오 개미들  두근두근 ,World
356,    예멘 후티에  포세이돈 궁수 작전  토마호크      출격 종합 보 ,World
357, 뉴햄프셔경선      트럼프  헤일리  내일 사라져  헤일리  트럼프  겁먹어  종합 ,World
358, 미중 반도체 전쟁에 끼인 한국  트럼프 당선되면  다시 위기,World
359,  금융완화 유지  월 마이너스금리 해제 기대 ,World
360, 러시아의 공격 가능성   독일군  초유의 결정  디지털리포트 ,World
361, 이민자 나라  캐나다   주택난 으로 외국인 유학생 수 제한,World
362,북한 신형 미사일 시험장 된 우크라  새로운 골칫거리 ,World
363, 이스라엘  인질 전원석방 협상안 제안  논의 물꼬 트일까,World
364,    대만 침공 아니라 봉쇄 미군 안 오면 최대  개월 버텨 ,World
365,화성 상공 가로지르는  비행기   물과 생명체 흔적 찾는다 ,World
366,     국제금값     오를 것 ,World
367,북극 한파 일본도 강타 북부 동해안 지역 최대      적설 예고,World
368,미일 증시 뛰는데 홀로 추락하는 중국   외국인  셀 차이나 로     년 이후 최악의 출발,World
369, 이스라엘  휴전 협상에 하마스 지도자 가자지구 떠나도록 제안     ,World
370,중국군 과학자    포기한 마하  속도 레일건 포탄 개발했다 ,World
371,마이너스 금리 고수한 일본   임금 물가 동향 지켜봐야 ,World
372, 인도   년 뒤 세계  위 경제 대국 된다 ,World
373,북한이 우크라 전쟁에 개입한 진짜 이유    덕분에 러시아 승리할 수도  송현서의 디테일 ,World
374,중동  개국  가자지구  평화중재안  마련    두 국가 해법  압박하는 국제사회,World
375, 뉴햄프셔 경선      바이든 경쟁자는  휴전   각종 캠페인 눈길,World
376,인도에  년 넘게 공 들이더니   소니  합병 철회한 이유,World
377,러   서 무기 얻어가나    북한 나진항서 러시아 선박 포착 ,World
378,  경선서     가짜 목소리  첫 등장  슈퍼 선거의 해  전세계 주의보,World
379,미국도 포기했는데    꿈의 포탄  개발 성공 ,World
380,일주일 만에  조원 썰물      효과 끝  비트코인   만달러 깨졌다,World
381,신장 아커쑤     규모 강진     이상 여진만   차례 이어져,World
382,트럼프 굳히기냐  헤일리 반전이냐    미 공화 경선  분수령 ,World
383,  신장 강타 규모     강진으로 건물 붕괴 부상자 속출 여진   차례,World
384,     조 증안기금 투입에 항셍     장기 효과는 글쎄 종합  ,World
385,  진출  은행  올해 최대 리스크는 부동산  우량기업 선별해 대출 ,World
386,유럽 겨울 폭풍에 비행기 잇따라 회항 미국  북극한파 가고 홍수 비상,World
387,러 점령지 포격에 사상자 속출 유엔서 또 날선 공방,World
388,중국 윈난성 산사태   명 사망   여 명 매몰 신장에는 강진,World
389,우리 곁에 있는 세계 최대 시장을 포기할 수 있는가 ,World
390,  요구에도 이스라엘이 완강히 거부  두 국가 해법 이란 딥포커스 ,World
391,첫 예비선거     트럼프 굳히기  바이든은 ,World
392,중국군 과학자    포기한 마하  속도 레일건 포탄 개발  주장,World
393, 자막뉴스  박살 난 러시아 유류 창고    게임 체인저 된 우크라 공격 목표,World
394,얼어붙은 지구촌  북극 데이터마저  꽁꽁  기후 예측 더 어려워졌다,World
395,     조 홍콩증시 투입 소식에 항셍지수    이상 급등 종합 ,World
396, 윤석열 자체가 싫다 던 북한이  년만에 내놓은  진심   소셜 코리아 ,World
397,  진출   은행   경제 최대 리스크는 부동산 위험 확산 ,World
398, 노토강진으로 쓰레기만   만      발생    년치 규모 ,World
399, 발사 넘어 운송    우주 기업   운송 우주선  개발 몰두,World
400, 미중 반도체 전쟁에 끼인   트럼프 재선시 불확실성 증폭 ,World
401,이례적인 일 벌어진 러시아   푸틴에 도전장 낸  반전 인물   지금이뉴스 ,World
402,독일 반극우시위를 보며 우리의 현재를 생각하다,World
403,  증시 역대급 호황  외국인 투자 덕분  서 자금유입도 영향 ,World
404,트럼프  무역전쟁 예고   집권 땐 모든 수입품에 관세     이상 부과  또 공언,World
405,홍콩증시  중국본토보다 더  암울   인도에 세계 시총  위도 뺏겼다,World
406,대만 선거 열흘 만에 침묵 깬  관영지  통일 대세 대항하면 산산조각 ,World
407, 통화정책  경제 기대에 닛케이도 신기록,World
408,경기낙관 힘입어  증시 사상최고치 경신,World
409,   경제 보복 시작   대만산 농수산물   종 무관세 중단할 듯 ,World
410, 디샌티스 사퇴 후   만 달러 모금   막판 총력  나선 헤일리,World
411,비트코인  현물     승인 후 하락세   왜 ,World
412,        미스 일본  우승한 우크라 출신 귀화인 일본인들 반응은 ,World
413, 대세  트럼프  사법리스크 넘을까  대선 전 유죄판결 가능성 ,World
414,명품 팔아서 부동산 산다 구찌 모기업      조  맨허튼 건물 매입,World
415, 트럼프 승리 에 베팅하는  증시  테마주 하루     폭등,World
416,  최고미녀 뽑는 대회서  우크라인  출신  등    어리둥절 ,World
417,북한 미사일 추가 지원 때 우크라 대공방어 무너질 우려,World
418,샤오미  애플 제치고 작년   월 중국 스마트폰 판매  위 올라,World
419,농민 분노 파고드는 독일 프랑스 극우 정당        농업 파괴  막겠다 ,World
420, 중국의 대만 전략은 침공보다 봉쇄    지원 없으면  개월 버텨 ,World
421,삼성전자  갤럭시     탑재    모델    개  년 전 대비   배 ,World
422,가자 전쟁 이후  레바논 남부서 이스라엘 공격으로    명 이상 숨져,World
423,   신형 미사일  우크라 전장 새로운 골칫거리로 ,World
424,연초  천장  뚫은 미일 증시 바닥 향하는 중국과 대비,World
425,독일  러시아 견제  군인  만명 모집  외국인 입대도 고려 ,World
426, 미스 일본  대상에 우크라 출신 귀화인  다양성 존중 사회 만들고 싶어 ,World
427,정부가 교통위반딱지 위조했다고  재정난에  꼼수  덜미잡힌  ,World
428,미  이스라엘에   청소년 피살 조사하라  인질가족 의회 난입,World
429,  증시 강세에 시총   조엔 종목 한달새  개 ,World
430,인도네시아서 화산  곳 연이어 폭발  주민 수천 명 대피,World
431,중국서 북러 밀착 경고 목소리  러시아 움직임 주시해야 ,World
432,트럼프    헤일리  뉴햄프셔 맞대결     현지 분위기는,World
433,푸틴에 대선 도전장 낸   세 러시아  반전 정치인 ,World
434, 트럼프 테마주  하루에     폭등 디샌티스 하차로  날개 ,World
435,미 영 연합군  후티 반군 시설 또 때렸다  군사력     파괴 ,World
436,  가 일자리 뺏는다        인간이 더 효율 ,World
437, 안전하게 돈 번다  환호 투자금 몰려드는  이 상품 ,World
438, 영상  우크라 드론         날아 러시아 때렸다   탄도미사일급 사정거리,World
439,  무력 위협 의식  대만          전차 도입 상반기로 서둘러,World
440, 우크라 전장의 새로운 골칫거리  북한 신형 미사일 ,World
441,폭풍  이샤 로 유럽 항공편 우회 잇따라   아일랜드서 항공 대란,World
442,  무슬림 보란듯 종교 분쟁지에 사원  힌두 민족주의  모디 총선 승부수,World
443, 서 북러 밀착 경고 목소리  러시아 움직임 주시해야 ,World
444,미 대선 후보 경선 주별  당별 천차만별       대선 ,World
445,국내선 항공기가 왜 옆나라에     시속      겨울폭풍에 아수라장 된 영국,World
446, 미 전략폭격기      대  지난주 동해서 일본 자위대와 연합훈련 ,World
447,바이든 없는 민주당 뉴햄프셔 경선 지지자들  이름 쓰기  운동,World
448, 싱크탱크     대만 침공보다 봉쇄 가능성      대만 왕따  외교 가속화,World
449,비트코인     승인 후 하락세 지속  만 달러선도 무너져 종합 ,World
450,비트코인    이상 급락   만    달러도 붕괴 위험,World
451,  떠나는 투자자들  서 돈번다,World
452,골드만삭스  연준 올해  회 금리 인하    인플레  전망,World
453, 서 무기 얻어가는 듯한 러시아 선박  영국 위성에 딱 걸렸다  포착 ,World
454, 노토강진 쓰레기  만  발생에  골머리   일부 도시선   년치 ,World
455,북극한파 지나니 이번엔 물난리       만명 위험,World
456,  닛케이   거품 붕괴  후   년 만 최고  증시 통화정책 유지 기대,World
457,미  북극 한파  물러가자 폭우 진눈깨비 일부 홍수주의보 발령,World
458,   전략폭격기      대  지난주 동해서   자위대와 연합훈련 ,World
459, 대세 트럼프에 눈도장 찍자  부통령 후보들 너도나도  지지 유세 ,World
460, 해산  발표해놓고 다시 파벌 존속시키려는  자민당  갈팡질팡 ,World
461,골드만  미 연준 올해  회 금리 인하      인플레 전망,World
462,  경제 활공할 것  경기 낙관론에 다우     사상 최고,World
463, 미스일본 에 우크라 귀화 여성   네티즌  상관없다      대표성 떨어져 ,World
464,    예멘 후티 반군 겨냥 두 번째 공습  반드시 응징 ,World
465,    대만 침공보다는 봉쇄        설문 결과 의미는,World
466, 일본 강진은 인과응보 라던 중국  신장자치구서 규모   지진,World
467,인도 우즈벡까지 진동 퍼졌다  중국 신장자치구서 규모     지진,World
468,러 점령지 포격에 사상자 속출 유엔서 또 날선 공방,World
469,   라멘가게  역대 최대 규모 줄도산  고물가 인건비 못 견뎌 ,World
470,유럽 겨울 폭풍에 비행기 잇따라 회항 미국  북극한파 가고 홍수 비상,World
471,미  제재에 미사일 공습까지 중동 확전 우려 고조,World
472,미 대선  낙태 이슈  왜 중요    로 대 웨이드  판결 뭐길래,World
473,  연구팀  항우울제 단번에 끊으면 금단증상 온다 ,World
474,트럼프  새대가리  헤일리 저격 수위 높이며 투표 독려,World
475, 여왕됐으면 좋겠다    열광한  꽃무늬  여대생 근황 김유민의 돋보기 ,World
476, 트럼프 당선되면   반도체   서 다시 위기 ,World
477,중국 신장 규모     강진 발생,World
478,  개국 선거  포퓰리즘 공습    지구촌  폴리코노미 혼돈  속으로                ,World
479, 미스 일본  우승 우크라 출신 귀화인  갑론을박 ,World
480,미국 영국   상선 공격  후티 미사일기지 겨냥 추가 공습,World
481,트럼프 대세론에 부통령 후보군  눈도장  유세장서 지지 연설  뉴햄프셔 경선     ,World
482,중국 신장 위구르서 규모   지진  우즈베크까지 진동 ,World
483, 미 해군 네이비씰  명 이란무기 압수작전 중 사망    바이든발표,World
484,코커스   당원  프라이머리   일반인도 참여    곳 경선 슈퍼화요일  주목   문  답 ,World
485,  살인한파에 전역서 최소   명 사망 곳곳서 휴교와 수도 동파 피해,World
486,  윈난성 산사태   명 매몰   북극한파에 사망자 속출,World
487,   성형 수술      명당    건   전 세계  위 ,World
488, 분명 아일랜드행 비행기 탔는데  폭풍 피하다 독일에 착륙한 항공기,World
489,중국 신장자치구서 규모   지진 인도 우즈벡도 진동 감지,World
490,유럽 겨울 폭풍에 비행기 잇따라 회항  미국  북극한파 가고 홍수 비상,World
491,    연봉  직원보다   배 많으면 세금 더 내라  억만장자 저격한 샌더스,World
492,만델라 유품   점 경매에 남아공 반발 경매업체 해명 들어보니,World
493,    예멘 후티에  차 합동공습 지하시설 미사일  곳 표적 종합 ,World
494, 러시아 연료단지 회복 수 주 걸린다  나프타 정제마진 상승세,World
495, 알맹이는 일본인 그 자체    미인대회  등은 귀화여성,World
496, 미스일본 된 귀화 우크라 여성에  시끌   살때부터 살았다 ,World
497, 다시  금  사야하나       올해     오른다 ,World
498, 이스라엘  하마스에  인질 전원 석방  개월 교전 중단  제안 ,World
499,미 영  예멘 후티반군 미사일기지 추가 공습  토마호크 쐈다   영상 ,World
500,맥 못 추는 비트코인 현물        상장 후     넘게 하락,World
501, 자막뉴스    년이나 걸렸는데 순식간에   일본의 몰락,World
502,미 다우지수       선 돌파        도 연일 최고치 경신,World
503,미 공화 정치인들 트럼프에  눈도장  행렬 뉴햄프셔 경선    ,World
504, 하마스 돈줄  알고 보니  이란에서 수백억 암호화폐로 전달 ,World
505,   올해 대만 침공보다 봉쇄 가능성    개입 없이    개월 버틸듯 ,World
506,비트코인  한 때  만 달러 붕괴 현물    승인 후     ,World
507, 광범위한 재앙 가능성  중국 신장자치구서  규모      강진 발생,World
508, 대만    지원 없으면  개월 버텨 ,World
509,바이든 수낵  홍해 안보 논의 미 영연합군은 후티 공습,World
510,미국 주도 연합군  후티 반군시설에 두번째 대규모 공습,World
511,비트코인    상장했는데 가격  뚝  장중  만달러 아래로,World
512,아랍  개국  가자지구 평화 중재안 구체화,World
513,흔들거리며 착륙하려다 포기 겨울 폭풍에   국내선이 파리로,World
514,미증시는 연일 사상 최고    중증시는   년래 최저,World
515,미 영  예멘 후티반군 미사일기지 추가 공습,World
516,  통신  미 영  예멘 후티반군 미사일기지 겨냥 추가 공습 ,World
517,기세 오른 트럼프   미 대선 풍향계  뉴햄프셔에서 끝낼까,World
518,헤일리   김정은과 친분  과시한 트럼프 겨냥 광고 공개,World
519,젊은이들의 한탄    중국에서 유행하는  특공대식 여행        신년 글로벌리포트   세계 장바구니 물가 ,World
520,애플     헤드셋  비전 프로  판매 호조에 시총  위 복귀 종합 ,World
521,트럼프 독주    헤일리 반등 뉴햄프셔 경선서 판가름,World
522,   기대감에 다우존스 첫  만    선 돌파 다우        데일리국제금융시장 ,World
523, 중도 텃밭 뉴햄프셔  대반전 노리는 헤일리 쐐기 자신하는 트럼프,World
524, 한 달에  일만 집에 가요  차박 싫은 직원들 몰리는 회사  정영효의 일본산업 분석 ,World
525,오스카 수상  밤의 열기속에서  감독 노먼 주이슨      별세,World
526,우크라  러 에너지시설 공격에 국제유가    ,World
527, 미 영  예멘 후티반군 미사일기지 겨냥 추가 공습 ,World
528,테슬라       하락 리비안       상승  전기차 혼조 상보 ,World
529,러 점령지 포격에 사상자 속출 유엔서 또 날선 공방,World
530,해빙으로 드러나는 황금항로 북극 몰려가는 러 중,World
531,  뉴햄프셔 경선      트럼프  새대가리 하락세     헤일리  트럼프 겁먹어 ,World
532, 만 달러 붕괴한 비트코인 다음 지지선은  만    달러 종합 ,World
533,다우   만     첫 돌파       도 사상 최고치 기록 종합 ,World
534,한때  만달러 아래로  비트코인     승인후 하락세 지속 차익 실현 매도압력 영향,World
535, 차익 실현  비트코인    급락   만달러 붕괴 상보 ,World
536,이웃나라서도  새벽 잠옷 차림으로 대피    신장자치구서 규모   지진,World
537,트럼프    경선서   언급    김정은과 다시 손잡나,World
538,단기간 너무 많이 올랐나     는      급락,World
539,맹위 떨친  북극한파  가니 폭우 진눈깨비 왔다  서      만명 홍수 위험 ,World
540,첫 예비선거     트럼프 굳히기  바이든은 ,World
541,헤일리 러닝메이트설  일리 있는 까닭,World
542,겨울 폭풍 덮친 영국 아일랜드  명 사망 교통 대란,World
543,가자지구 평화 중재안 구체화 아랍  개국  최종안 마련 중,World
544,  북서부 신장 위구르 자치구서 규모     지진 종합 ,World
545,리튬     만톤 발견했다던 태국  이틀만에   만톤 으로 정정,World
546,바이든  자동차파업 때 응원도 했는데 미시간 선택은 트럼프 ,World
547,미 공화당 후보 줄사퇴  조 바이든 가짜 전화 기승 ,World
548,  미인대회 우승자가  알맹이는 일본인 그 자체 ,World
549,뉴햄프셔 경선      트럼프  큰 표차 승리     헤일리  새 지도자 필요 ,World
550,유럽 겨울 폭풍에 비행기 잇따라 회항 미국  북극한파 가고 홍수 비상,World
551,  의원단  대만 총통 선거 후 첫 방문 예고  양안 긴장 고조,World
552,디플레 우려에도     금리  개월 연속 동결,World
553, 뉴욕유가  공급 위험 위험자산 상승 속에    ,World
554,비트코인     승인 후 하락세 한때  만달러선 무너져,World
555, 일본 최고 미녀  얼굴 본 사람들  어리둥절     굳이  ,World
556,    대만 침공보다 봉쇄 가능성   지원 없으면  개월 버텨 ,World
557, 광범위 재앙 가능성  중국 신장서 규모   지진 발생,World
558,중국 신장자치구서 규모   지진  상당한 피해 가능성  종합 보 ,World
559,한국인들  줍줍 했는데 하루 만에        홍콩 주식의 수상한 폭락,World
560,디샌티스 사퇴로  양강 구도   트럼프 지지율    대 돌파하나,World
561, 두 국가 체제가 유일 해법      이스라엘 압박 종합 보 ,World
562,  대규모 부양책 없는 경제성장 가능할까  베이징노트 ,World
563,     러시아    지원받으며 전쟁 악화  더 많은 미사일 전달될 듯 ,World
564,  억 인도 무슬림 떤다  모디 집전한 힌두교 사원 봉헌 뭐길래,World
565,비트코인     승인 후 하락세 지속 한때  만 달러 아래로,World
566,미국경제  골디락스 에도 바이든 싫어  왜 ,World
567,바이든의 승부수  여성의 낙태권  완전히 회복시킬 것 ,World
568, 뉴햄프셔경선      헤일리  트럼프 겁먹고 있다  트럼프  큰 표차로 승리 ,World
569,  아랍 중재국   가자전쟁 종식  목표로 협상 압박,World
570, 르포  강점인 외교문제 내세운 헤일리  불타는 세계  혼란은 더 안돼 ,World
571,디샌티스 후보 사퇴  공화 경선  트럼프 헤일리  양자대결로,World
572,트럼프 헤일리    일 뉴햄프셔 외나무다리 대결 경선 분수령,World
573,러시아의 북한산 미사일 사용에   한 미 등   개국  심각한 문제 ,World
574,    북극한파  가고 이번엔 폭우 진눈깨비  천만명 홍수 위험,World
575,애플  비전프로  판매 초반 호조  사전주문  일간 최대   만대 ,World
576,러  북 무기 사용 발뺌하면서 서방 우크라 무기 지원 비판,World
577, 뉴햄프셔경선      대세 트럼프에 눈도장 행렬 부통령 후보군  지지연설 경쟁,World
578,디샌티스  중도하차하며  트럼프 지지   트럼프  대세론 업고  헤일리도 사퇴를 ,World
579, 파벌 해산 에도 시큰둥    기시다 지지율 여전히 최저,World
580,  종교분쟁지 모스크 터에 호화 힌두사원 개관,World
581,트럼프 독주에  부통령 후보들  눈도장  경쟁,World
582, 마이웨이  네타냐후  휴전 인질석방 협상 거부   와도 파열음,World
583, 딥페이크  선거운동 우려됐는데 뉴햄프셔에  바이든 가짜전화 ,World
584,러   무기사용 발뺌하면서 서방 우크라 무기지원 비판,World
585,  세 라이베리아 대통령  취임사 중 휘청 두차례 중단 해프닝,World
586,  최고 미인이 우크라인   미스 일본   등에 불거진 논란,World
587,코소보   월 일부터 유로화만 사용 세르비아 강력 반발,World
588, 알맹이는 일본인 그 자체    미인대회  대상 차지한 여성,World
589,영국 강타한 시속      폭풍에 국내선이 파리 공항에 착륙,World
590,강바닥서 나온 녹슨 칼 고대 바이킹  전설의 검 이었다,World
591,  국내선이 파리공항에 착륙 시속      강풍에 우회,World
592,   억짜리 원룸   억 됐다     중산층 붕괴  경고등 ,World
593, 리틀 트럼프  디샌티스 사퇴 트럼프 헤일리 양자 구도로,World
594,  윈난성 산사태   명 매몰   북극한파에 사망자 속출,World
595, 성공인듯 성공 아닌    달 탐사선  시간 반 만에 전력 끊겨,World
596, 미인대회 왕관 쓴 여성 일본  아니었다  멘붕  빠진 누리꾼들,World
597,중국 윈난성에서 산사태로   명 매몰 새해 첫 한파에 몸살,World
598,이스라엘군  가자 남부서 올들어 가장 치열한 전투,World
599, 백인처럼 보이죠   논란의    미인대회  등    대 ,World
600,일본의 달 탐사선  착륙  시간 반만에 전기 끊겨  향후 대비 ,World
601,날개 단   증시  장중 한때  만    까지 치솟아,World
602,영국 강타한 겨울 폭풍  이샤  전역에 강풍 경보 내려져,World
603, 탐사선  달착륙  시간 반만에 전력 끊겨 표면탐사는 못한듯 종합 ,World
604, 무기일까  러 선박   에서 화물 나르는 장면 포착,World
605,폴란드 새 총리  우크라 방문 지원 천명하며 경제갈등 논의,World
606,인도 최악의 종교 분쟁 지역에 들어선 힌두교 사원 총선 앞둔 모디의 힌두 민족주의 노골화 ,World
607,디샌티스 중도 하차 헤일리  양자 대결  트럼프  바이든 막자 ,World
608, 러시아 선박    나진항서 화물 선적   위성사진 포착,World
609,권도형의 테라폼랩스     파산보호  신청 부채     억,World
610,     년 보존 놀랍다  강바닥 진흙서 나온 바이킹  전설의 검 ,World
611,겨울폭풍  미국 이어 유럽 강타 결항 정전에 피해 속출,World
612, 네타냐후   국 해법 받아들여라     각국 외무장관 끈질긴 반대 성토하며 브뤼셀 회동,World
613,  윈난성 산사태   명 매몰   북극한파에 사망자 속출,World
614,영국 전역 이례적인 겨울 폭풍 비행기도 착륙하다 포기,World
615,디샌티스  결국  백기   트럼프로 더 기운 미국 공화당 대선 후보 경선,World
616, 선생님 앞에서 알몸으로 만세     물방울 검사  논란,World
617,막을 수 없는 이 남자 맞서  여성이 승리해야  성별 꺼내든 이 여자,World
618, 월드 이슈  막 오른 미국 대선 바이든    트럼프 ,World
619,양자대결 된 공화당 경선 트럼프  뉴햄프셔에서 끝낼까 ,World
620, 소아성애냐        거센 민원에 결국 광고 삭제,World
621, 맵브리핑  끝나지 않는 국제 분쟁  올해는 ,World
622, 리틀 트럼프  디샌티스  맥없이 경선하차 어쩌다 추락했나,World
623,이스라엘 시리아 국경서 러 헬기  수상한 비행 ,World
624, 마을 시장 에 포격 최소   명 사망 러시아 본토도 쾅  쾅 ,World
625,   부채상환 위기 잠비아서 아프리카 첫 위안화 입출금 거래,World
626, 대선 풍향계  뉴햄프셔 경선       공화 승자 바이든 득표율 주목,World
627, 침묵하던 다수 나섰다  독일서 극우 정당 반대  백만 시위,World
628,고금리에 강달러 오나 월가  트럼프 효과 에 촉각,World
629, 뉴스라운지  중동 곳곳서 미사일 공습   확전 위기 고조 ,World
630,    명 숨진  피의 땅  들어선 인도 라마신 사원    모디의  힌두 민족주의  본격화,World
631,  공화 트럼프    헤일리 양자 구도  이변도 가능 ,World
632,인도네시아서 화산  곳 잇단 폭발  대사관  방문 자제 권고 ,World
633, 윈난성 소수민족지역 산사태로   명 매몰   명 이미 사망  종합 보 ,World
634,  나진서 화물 옮겨 싣는 러시아     사진 유엔에 전달,World
635,미군  특전사  명 대 후티반군 아라비아해 작전중 실종전사,World
636,    전쟁 협박 목적은 제재 완화와 핵보유국 인정 ,World
637,        나노 생산 공장 대만에 추가 건설 계획 ,World
638,    전기차 모터 핵심  희토류 영구자석 기술 수출 금지 대상 포함,World
639, 트럼프 찍으면  낙태 금지 에 투표   바이든 대선 광고  임신중지권 띄웠다,World
640,   에 머리 조아려 도움받다니  무시하던 푸틴  대굴욕,World
641,기시다 총리  파벌 해산  승부수 던졌지만 퇴진 위기,World
642,우크라 동부 러시아 점령지  피의 일요일    공습에 최소   명 사망 ,World
643,유럽연합  두 국가 해법 거부하며 폭주하는 네타냐후에 제재 검토,World
644,  달 탐사선  슬림     일 착륙 약  시간  분 만에 전원 꺼졌다,World
645, 월클뉴스   한국 성형수술 세계  위  중국대사관  한국 성형수술 주의보 ,World
646,    희토류 영구자석 제조기술 수출금지로 가치사슬 강화 ,World
647,  아랍 중재국   가자전쟁 종식  목표 협상 추진,World
648,러 선박  북한 나진항서 화물 싣고 회항    위성사진 공개 종합 ,World
649,  최대 종교분쟁지 에 힌두사원 열어  모디  선거캠페인 시작 ,World
650, 트럼프 지지  디샌티스  중도 사퇴 양자대결 된 뉴햄프셔 경선,World
651,북한 위협 이유로 재무장  판도라 상자  연 일본,World
652,트럼프 대세론 초반 굳히기  헤일리  반격의 불씨 살릴까,World
653,양자대결 된 뉴햄프셔 경선      트럼프        헤일리     ,World
654,디샌티스도 경선 포기 트럼프 대세론 굳히나,World
655,디샌티스 하차   대세론 굳히는 트럼프     대결 띄우는 헤일리,World
656,   디플레 우려에도 금리  개월 연속 동결,World
657, 우크라  러 가스터미널 드론 공격      가격 요동치나,World
658,파도 휩쓸린 동료 구하러 뛰어든 네이비실 대원  명 모두 결국 순직 처리,World
659,연초 불붙는 채권시장   우량회사채     억  발행,World
660,디샌티스 하차에   공화당 후보 트럼프로 기울듯,World
661,   보는 대만인 의구심 커져 트럼프 당선시 상황 악화 우려도 ,World
662,    는  돈줄 죄기  트럼프마저  이제는 갚아야할 때 ,World
663, 줌인  트럼프가 돌아오면 어쩌지  바짝 긴장하는   월가,World
664, 가족들 모여서 건프라 조립해요    프라모델 매출 급성장,World
665,우크라  정보수장   이 러시아 최대 무기 공급처 ,World
666,뉴햄프셔서 조기에 결판내나 디샌티스 하차에 웃는 트럼프,World
667,우크라 정보     러 최대 무기 공급국 푸틴 대역 자주 목격 ,World
668, 미 이란 대리전  양상 변한 가자전쟁 직접 충돌 우려도,World
669,  달 탐사선  슬림   착륙  시간 반 만에 전원     표면 탐사 실패한 듯,World
670,영국 강타한 겨울폭풍  이샤  정전 교통 대혼란,World
671,      이스라엘 기습  하마스의 첫 복기   실수 있었지만 공격은 옳았다 ,World
672,태국   세계  위 리튬 보유국  됐다더니 이틀 만에 발표 철회,World
673, 뉴스속 용어 온난화 재앙 좀비 바이러스  메투셀라종 ,World
674,한국 성형대국  위 남미 상위권  인구대국 인도   위 중국은 ,World
675,출시   년 맞는 애플 맥 시리즈    열풍에 다시 날개 달까,World
676, 대세론  트럼프 뜨자 도로 마비   헤일리도 그만둬   기세등등,World
677, 직원들과 춤까지  엔비디아      년 만에 조용히   찾았다,World
678, 우크라  몇달 내 자금 고갈   장기전에 바닥나는 재원,World
679, 투발루도 중국  국가 로 인정할 듯     중   대만 왕따  외교 가속화,World
680, 매체  한국      명당    건  성형수술  세계  위 ,World
681, 북한판 이스칸데르   패트리엇 대응  우크라전 첫 실전무대 ,World
682, 리틀 트럼프  디샌티스는 왜  트럼프 대안  되지 못했나,World
683, 어대트 로 좁혀지는  공화 경선 경쟁자 하차  여론조사 우세,World
684,강달러 압박에     아프리카서 위안화 영토 확장 디브리핑 ,World
685, 하이브리드카 르네상스  도요타 독주 속  폭스바겐 현대차 추격,World
686, 우크라  외국 지원 없으면 올해 예산   조원 부족 ,World
687,트럼프  부통령 후보 생각 중 놀라지 않을 것       대선 ,World
688,    년 전 바이킹이 쓴 전설의  울프베르트 도검  강바닥서 발견,World
689,이순신의 혜안에 숨겨져 있는 특별한 사실,World
690, 주적 대한민국 초토화     전쟁할까  외신 한반도 정세 전망 분분,World
691, 년만에   찾아 덩실덩실 춤춘 젠슨 황   엔비디아    의 노림수는,World
692, 샤오미  전기차 소규모 양산단계  억원  모델 중 적수 없어 ,World
693,미  후티  서방군 공격할 수도 이란 무기 추가 조달 추진 ,World
694,뉴햄프셔 경선 승자는 로체스터에서    년 공식  또 적중 ,World
695, 중국 경제 둔화에  억명 중산층 위축 위기 ,World
696, 르포  평일 오픈 전부터 긴 대기줄에 놀라    하노이 랜드마크로 떠오른 롯데몰 웨스트레이크,World
697,스텔란티스      테슬라  가격경쟁에 전기차업계 피바다  경고,World
698,유럽과 한반도 전부 위험에 빠뜨린 북한  첩첩산중    녹취록 ,World
699, 북한  전쟁 가능성은   외신   한미 선거철  도발 시나리오 조명,World
700, 리틀 트럼프는 차기대선 노린다  디샌티스 결국 경선 포기,World
701, 사망자   명 넘었다  북극으로 변한 미국 상황,World
702,독일 극우 정당 대표  집권하면  독일    탈퇴  국민투표 할 것 ,World
703,대만 총통 선거 후  단교 도미노  현실화 되나 나우루 이어 투발로도 단교설,World
704,중국 디플레 우려에도 기준금리 또 동결 환율 방어 초점,World
705,존슨 전   총리  트럼프의 귀환  국제질서에 도움 될 수도 ,World
706, 글로벌 리포트  강풍에 휘청  착륙 실패도 폭풍  이샤 에 영국 비상,World
707, 북한 전쟁할까  외신 관측 분분  한미 선거철 도발일 가능성 ,World
708,디샌티스 사퇴  이젠  대  경선  헤일리보다 트럼프 유리할 듯 ,World
709,마식령 스키장 간 러시아 유튜버  북한의 숨겨진 속내   녹취록 ,World
710,러 점령지 시장 포격당해   여명 사상 우크라는 공격 부인,World
711,    는 취재오지 마   트럼프  언론사 콕 집어 취재 거부한 이유  핫이슈 ,World
712,이스라엘 하마스 전쟁 새로운 중재안 나왔지만 최종 타결까진 산 넘어 산,World
713,러시아 최대     터미널 화재  우크라 드론 공격 의심 ,World
714,강바닥서 나온 칼 한 자루      년 전 바이킹이 든  전설의 검 이었다,World
715,백금발 머리에 빨간 넥타이 매고  판사 멍청이  트럼프 풍자한     ,World
716, 북극 한파로 일주일새   명 숨졌는데 이번엔 기온 급상승  홍수  주의보,World
717, 사퇴   공화 디샌티스 표   트럼프    헤일리  누구에게 갈까 ,World
718, 헤일리    트럼프  양자 대결 된 뉴햄프셔 디샌티스 사퇴 두고 서로 다른 셈법,World
719,성형대국 한국      명당    명  수술받아 세계  위,World
720,대만이 갑자기 활주로 폭 늘리는 이유     공격 대비용,World
721,혈관 못찾아 사형 두 번 당할판 금지됐던 가스실 부활시키는 미국,World
722,트럼프 러닝메이트  힌트  공개  놀랄 인물은 아냐 ,World
723, 중산층  억명도 흔들린다   금리 동결에  자산 회의론 확산,World
724, 군사장비도 갉아먹어  우크라 러  괴롭히는 쥐떼들  영상 ,World
725, 더뉴스  북한 러시아 밀착 심화   한반도 정세 영향은 ,World
726, 뉴햄프셔 르포   디샌티스 사퇴로 트럼프    돌파   헤일리 모멘텀에 이제 박빙 ,World
727,지갑닫는 중국 중산층 경제 회복 걸림돌,World
728,총통 선거 후에도 대만 옥죄는   대만군  중국 풍선  개의 비행 포착 ,World
729, 리튬     만톤  김칫국 마신 태국 현실은  만톤,World
730,백악관  후티 해상도발 억제에 시간 필요  추가공습 의지 피력,World
731,경제 둔화에 사라지는 부  세계 최대     억명 중산층마저 축소 위기,World
732,태국   전 세계  위  리튬 보유국 됐다더니  실제 매장량은       ,World
733,    부채 디플레 디리스킹 인구 감소      경제 위기에 직면 ,World
734,대만군   개 군공항 활주로 확장 추진    공격 대비용 ,World
735,독일 차 부품업체  이중고  내연차 전기차 투자로 수익 악화,World
736, 르포 뉴햄프셔에서도 트럼프 대세론 확산 헤일리 지지자들 이변 기대,World
737,    대부  엔비디아 젠슨 황   년만의 중국  주가는 사상 최고치,World
738, 이곳은 트럼프의 나라   반상회 식 미국 투표 참관해보니  특파원 리포트 ,World
739,때 아닌 발견에 들떴을까  태국  리튬 매장량     만   만     으로 정정,World
740, 성공예감  미국 증시 최고치 경신    가 금리를 이겼다   김학균 센터장 신영증권 리서치센터 ,World
741,중국  총통선거 후에도 대만 압박 대만군  중국 풍선  개 포착 ,World
742,    아랍동맹국들과 가자 인질석방 계획 추진 전쟁 종식이 목표     ,World
743,이스라엘 하마스 인질 협상 불발 네타냐후 거부 이유는 ,World
744, 모든 중국산 수입 줄이고 간첩 색출    억명 투표소 찾는 선거의 해  공통분모는 중국  매경데스크 ,World
745,      대만에 최첨단  나노 공장 추가 건설 추진    조원 투입 ,World
746,강달러에 신음하는 아프리카에 위안화 영토 넓히는  ,World
747,미얀마 내전 불똥 튈라 인도   천     국경에 철조망 세운다,World
748,미얀마 내전 불똥 튈라 인도   천     국경에 철조망 세운다,World
749,우리가 극지에서 세계 최초로 밝혀낸 것들,World
750, 리틀 트럼프  디샌티스 대선후보 사퇴    트럼프 지지 선언,World
751,개고기축제 여는 이 나라  한국 왜 금지했대   선거용 정책 분석,World
752, 기시다  파벌해산  승부수에도 지지율    대  퇴진위기 수준  종합 ,World
753,북반구 강타한 겨울폭풍 무더기 결항   정전에 사망자 속출,World
754,캐나다 아이들 하교 후 학원 대신 애프터 스쿨로 통신    ,World
755, 월드리포트   타일공   일에  백  중국  흙수저 성공기  띄우기,World
756, 경제 연착륙 낙관론에도  위협 요인들 여전 ,World
757, 중국 경제 둔화에  억명 중산층 쪼그라들 위기 ,World
758,  의원단  대만 총통 선거 이후 첫 방문 중국 반발,World
759,인도네시아서 주말간 화산  곳 잇달아 폭발    주민 수천명 대피 사태,World
760,우크라  도네츠크 시장 포격   명 사상 러 가스터미널도 공격 종합 ,World
761,리튬      만   발견했다던 태국  사실은   만  ,World
762, 올댓차이나  홍콩 증시  반등 개장 후   경기우려로 출렁  주       ,World
763, 관영지   반도체 성장 위해  간섭서 벗어나야  지정학게임 희생양될뿐 ,World
764, 연구소      년 의료 간병비      인당      만원 더내야 ,World
765,   위 잇단 지지  트럼프  뉴햄프셔서 판 끝내나,World
766,트럼프  벌써 부통령 후보 띄우기  깜짝 놀랄 인물은 아냐 ,World
767,디샌티스 경선 하차 트럼프 지명에 이제 헤일리만 남았다,World
768, 난 겨우  살    살 주윤발  하프 마라톤 또 완주,World
769,  살 주윤발  하프마라톤 또 완주  포레스트 검프 되겠다 ,World
770,므라피 등 인니 화산들 연이어 폭발 주민 수천 명 대피,World
771,유럽은 우크라 밀어준다     군사기금   조원 조성 지원 검토,World
772,므라피 등 인니 화산들 연이어 폭발 주민 수천 명 대피,World
773, 영상  열흘째 때려도 끄떡없는 후티  미  장기전 계획 수립 중 ,World
774,우크라  정보국 수장  북한  현재 러시아의 최대 무기 공급국 ,World
775,꽃무늬 셔츠 입고 춤춘 젠슨황  상하이 지사 찾아 직원 격려,World
776,환율 방어 급한    디플레 위기 속 기준금리  일단 동결 ,World
777, 언론  트럼프 재집권  헌법 개정 논의 절호의 기회 ,World
778,러  사우디 제치고   최대 원유 공급국 됐다,World
779,트럼프  뉴햄프셔서도 우위   헤일리  역전 실패땐 사퇴 압박,World
780, 전기차 총체적 위기  포드 생산 축소 스텔란티스 피바다 경고,World
781,실적 시즌 돌입하는  빅테크  테슬라   일      일 애플  월  일,World
782,우크라  러시아 깊숙이 침투했나 발트해 최대 터미널서  폭발 ,World
783, 다리  개 성기  개    유기견 새 삶 찾았다  세계 곳곳 모금 행렬,World
784,우크라  러 본토 공습하나 발트해 연안 에너지시설 드론 공격,World
785,생명 위협하는 추위    북극 한파로 한주만에   명 사망,World
786, 년새 중산층  억명 넘게 사라졌다는 이 나라  경제 다 무너진다 ,World
787,미국 주가 사상 최고  더 오르긴 어렵다  관측 부상,World
788,  의회 대표단 대만 방문   관영  도발 정도 따라 대응 ,World
789, 광저우 타워 비슷해   인천 랜드마크 논란에   비판,World
790, 검색폭발 이슈키워드  달탐사선 슬림,World
791,코닝  삼성     울트라 커버유리 허리높이서 떨어뜨려도 안깨져 ,World
792,미 유럽   항구 열어라  가자 구호품 운송 허용 이스라엘 압박,World
793, 내 이름 써 달라  뉴햄프셔주서  기명투표 승리  노리는 바이든,World
794,중국 전역 새해 첫 한파 동북 영하   도 남방에 폭설 경보,World
795, 리튬     만톤 찾았다  태국   세계  위 보유국  됐다더니만 결국,World
796,전기차 불황에 니켈 가격  년래 최저 개발업체 줄줄이 폐광 감원,World
797, 전역 새해 들어 첫 한파 동북 영하   도 남방에 폭설 경보,World
798,미 아랍 중재국  종전하자   단계안 참여 촉구 네타냐후  거부 ,World
799,빅테크 실적 시즌 돌입 테슬라   일      일 애플  월  일,World
800,러  발트해 연안 대형 가스시설  폭발로 운영중단  우크라 드론공격 의심 ,World
801, 뉴스포커스  중동 확전 위기 고조 미  이 팔 협상 참여 압박,World
802,미 이스라엘 커지는  파열음  팔레스타인 미래 대놓고 딴소리,World
803,트럼프 굳히기냐  헤일리 뒤집기냐  공화 디샌티스  대선후보 사퇴,World
804, 주간뉴욕증시   분기        월     가격지수 등 주목,World
805, 포착   살 인질의 그림도 이스라엘인   명 가둔 하마스 터널 공개,World
806,후티  수에즈 홍해 호르무즈 모두 막아 석유 가스 공급 중단 ,World
807,  수출통제 갈륨 게르마늄  러 수출은 급증하고 미 일은 급감,World
808,김대중 다큐 이 장면 나오자  일본인 관람객들이 술렁였다,World
809, 노토강진 단수  월 넘어야 완전 복구 내진 수도관도 파손,World
810,이미 늦은 걸까        당장 온난화 멈춰도     년까지 알프스 빙하  분의   사라져 ,World
811, 트럼프 당선돼도     년 같은 충격 없을 것 시장 미리 대비 ,World
812, 금리 쌀 때 돈 땡기자    기업들  회사채 발행   년 만 최대,World
813,  회사채 시장 불타네     억 달러 채권 발행,World
814,트럼프  대세론  굳히나  디샌티스  트럼프 지지하며 후보 사퇴,World
815, 노토강진 단수  월 넘어야 완전 복구 내진 수도관도 파손,World
816,  공화 디샌티스 사퇴   트럼프 헤일리 양강 구도,World
817,제   트럼프 쇼크  올까   대선 따른 경제 방향은,World
818, 트럼프  바이든보다 뛰어나   공화 대선후보 디샌티스 사퇴,World
819,  석유 생산 급증에      힘  글로벌 원유 시장 재편,World
820,다리  개   유기견  세계에서 모인 성금 덕에 수술대 올라,World
821, 콩쥐야  이거 못 막아    세계 전역 덮치는 북극 한파 왜 ,World
822,서방 제재 무용지물    러  사우디 제치고   최대 원유 공급국으로,World
823, 네타냐후  중동평화 해치고 있다  벌어지는 미 이스라엘 동맹관계,World
824,발사 비용  만원대  드론 잡는 레이저        떨어진 동전도 맞힌다,World
825, 관영지    반도체    간섭 줄이고    수출 늘려야 ,World
826, 양자 대결 된  공화 경선 뉴햄프셔도 트럼프 과반 전망 뉴햄프셔 경선     ,World
827,자녀 부모 동시부양   저출산 부추기는  더블케어 ,World
828,트럼프      헤일리          공화 여론조사 보니,World
829,네타냐후  전쟁 계속 테러리스트 면책 안 돼  이 팔 전쟁 ,World
830, 기시다  파벌 해산에도 지지율 바닥  퇴진위기      초반대,World
831, 평균 연령   세  우크라군   년째 이어지는 전쟁에 기진맥진,World
832,한때  공화당 신성  디샌티스  경선 중도하차로 정치경력 타격,World
833,네타냐후  하마스  인질협상 조건으로 철군 요구 괴물에 굴복 않겠다 ,World
834,강경한 뜻  부드럽게 설득한다  상대방 공감 끌어내는 행동가            ,World
835, 차기 대통령  누가 더 횡설수설하나  인지능력 대결판 된  대선,World
836, 이스라엘 선제공격은 평범한 대응 이었다는 하마스  필요했지만 실수 있어 ,World
837, 그야말로 불타고 있다    년 만에 연초부터  불장 ,World
838, 트럼프 대항마   공화 대선후보 디샌티스 중도 사퇴 트럼프 지지 선언,World
839,서방 제재 하나마나     러  사우디 제치고   최대 원유 공급국 등급,World
840,    눈 쌓이고  일주일새   명 죽었다 미국  북극 한파  비명,World
841,부러우면 지는건데  서  하얀 금  리튬    만  발견 여기는 중국 ,World
842,세계  위 리튬 보유국 됐다던 태국  이틀 만에 발표 철회,World
843,우크라 동부 러 점령지에 포격  최소   명 사망 ,World
844,트럼프 지지 선언한 디샌티스 후보직 전격 사퇴,World
845,러  사우디 제치고    최대 원유 공급국  등극 서방 제재 여파,World
846, 등 디샌티스 돌연 사퇴 미 공화당 경선  트럼프 대세 로 기우나,World
847,우크라이나  러시아 점령지 포격 최소   명 사망,World
848, 핵심광물   배제 비현실적  예외 적용해야  현대차 등  에 건의,World
849, 명 태운 전세기  아프간서 추락  명 생존,World
850,    미 공화 여론조사  트럼프     헤일리     ,World
851,현대차   정부에    광물 즉각 배제 비현실적 한시 허용 필요 ,World
852, 불구경  바이든   공화  트럼프 인지능력 논란  부채질,World
853,첫 경선  위 디샌티스 사퇴  트럼프 지지   공화당 경선  파전,World
854, 무료 배송 시대 막 내린다  특단의 대책에    발칵   정영효의 일본산업 분석 ,World
855,태국  리튬     만  찾아 세계  위 보유국 됐다더니 이틀 만에 철회,World
856,     가자 전쟁 종식 목표  합의안 협상 압박  이 팔 전쟁 ,World
857,의학  기술 그리고 암의 종말,World
858,     이상 도망가라  인니 므라피 화산 분출 잿빛 구름이 사방 뒤덮었다,World
859, 공화 대선후보 디샌티스 사퇴  트럼프가 바이든보다 우수 ,World
860, 월가    열풍      엔비디아 메타 모두 사상 최고치,World
861,가자지구 사망자  만    명 넘어   이스라엘 인질도  명 추가사망  이 팔전쟁 ,World
862, 월가    열풍           사상 최고치 경신,World
863,디샌티스 주지사도 결국  경선 하차  트럼프 지지 선언,World
864,    만 국민 허탈  리튬     만  찾았다  대박 외치더니 알고보니  만 ,World
865, 지구 온난화 당장 멈춰도     년까지 빙하  분의  사라진다 ,World
866, 다리  개  성기  개  기형 유기견 기적의 새삶 전세계가 도왔다,World
867, 이스라엘  하마스       만 제거   완전 소탕  의문 커져,World
868, 공화 대선후보 디샌티스 사퇴  트럼프 대세론  굳히나,World
869,      대선 공화당 대선후보 디샌티스 사퇴 트럼프 지지 선언,World
870,중동 확전 위기 고조 우크라 동부 포격  최소   명 사망 ,World
871,디샌티스  결국  공화 경선 레이스 하차 트럼프 지지 선언 종합 ,World
872,디샌티스 사퇴 공화 경선  트럼프 헤일리  양자 구도 재편,World
873,현대차   정부에    광물 즉각 배제 비현실적 한시 허용해야 ,World
874, 뉴햄프셔  대선 후보보다  부통령 후보 들이 더 많아 ,World
875,트럼프 아이오와 압승하자     년 더    로 달려간 바이든,World
876,한국은  만원 일본은     원   직장인 평균 점심값    배,World
877,이스라엘 하마스 협상하나     단계 전쟁 종식 목표,World
878,디샌티스  결국  공화 경선 레이스 하차 트럼프 지지 선언,World
879, 공화 디샌티스 후보 사퇴  트럼프 지지   대세론 굳히나,World
880,미  공화 대선후보 디샌티스 중도사퇴 트럼프    헤일리 양자대결로,World
881,트럼프   년 전 영광 재현  세몰이  헤일리   곳 폭풍 유세  강행군 ,World
882,서방세력    친이란 확전  이란  이라크 시리아  전방위 공격 ,World
883,미국  추위에 사망자 속출 호주는 폭염에 산불위험,World
884, 동맹국이라서      동맹국이라도  바이든 트럼프 가른 한마디  바이든 트럼프 뇌지도 ,World
885,여성    프레카리아트 더  성난 사람들 이  대선 승패 가른다  바이든 트럼프 뇌지도 ,World
886,이스라엘      이란의  저항의 축   잇단 충돌 더 불안해진 중동,World
887,독일 전역서 또 수십만명  극우 시위 인파 몰려 조기해산도,World
888,남부군 노예제 미화 동상 철거 제동  미국 인종주의 척결 흐름 역풍  워싱턴 아나토미 ,World
889, 중국이 대만 치면 한반도서 북한도   바이든 행정부 대북 낙관에 연일  경고음 ,World
890,   억류    웜비어 모친  헤일리 새 광고서 지지 발언 뉴햄프셔 겨냥,World
891, 르포  트럼프 대공세 맞서 헤일리 게릴라전,World
892,중동 곳곳서 무력충돌   확전 막을 시간 얼마 없다 ,World
893,   세계  번째로 달 착륙  태양전지 미작동에    점  자평,World
894,트럼프 대선 뒤집기 수사팀에  불륜  터졌다,World
895,전쟁    기후  세계 지도자들 화두는 한국과 달랐다,World
896,지진때 자판기 부수고 음료수 꺼내   서 불붙은  재난 윤리  논란,World
897, 하마스 땅굴에 치료제 없는 곰팡이가 인질 생명 위협  이 팔 전쟁 ,World
898,   연초부터      감원 칼바람      넘어 금융 유통 등 확산,World
899,  세 푸틴  올해도 영하 도 날씨에  얼음물 풍덩 ,World
900, 르포  대선 한복판에 떠오른  김정은 대북정책 이슈 ,World
901,   저출산 예산  유럽 절반 수준  육아지원 미래투자 더해야 ,World
902,네타냐후  하마스  인질석방 조건  항복 요구  전면 거부 ,World
903, 우크라 내 러시아 점령지 포격으로 최소   명 사망 ,World
904,아프간 북동부서 구급 전세기 추락  탑승  명 중  명 생존  종합 보 ,World
905,    열흘 폭격해도 끄떡없는 후티 상대로 장기 계획 수립 중 ,World
906,하마스  이스라엘 선제공격 변명  필요했지만 실수 있어 ,World
907,적설량      사망자   명 넘었다  북극으로 바뀐  ,World
908,우크라 동부 러 점령지 포격  최소   명 사망  종합 ,World
909,헤일리  중국은 팽창  북은 미사일 위협 한 미  더 힘 합쳐야 ,World
910, 이젠    가 벤치마크  올해   원유생산 또 새역사 쓴다,World
911,중국 철강업계  소화불량    떨어지는 철광석 가격  원자재 이슈탐구 ,World
912, 하마스 절멸 인질 구출 동시 달성 어렵다  이스라엘군서 회의론 이 팔 전쟁 ,World
913, 전선확대  중동 화약고   바이든 네타냐후 입장차 여전,World
914, 전역 덮친 북극한파  맹위  일주일새   명 목숨 앗아가,World
915, 뉴햄프셔경선       신경전  트럼프 헤일리  지지선언 발표하며 막판 세몰이,World
916,대만 청년들도  공무원 안해요  응시자   년 새 절반 뚝 ,World
917, 파벌 해체  결심한 기시다   존속 주장   인자 만나,World
918, 고작  만    태국      만  리튬 매장지 발견 주장 철회,World
919,헤일리    대 두 사내가 대통령 놓고 싸워  트럼프  난   세  정신은   년 전보다 온전 ,World
920,얼음물 입수에 푸틴 선거캠프 찾아간 여성들  가족 돌려달라  시위,World
921,존슨 전  총리  트럼프의 복귀  세계가 필요로 할 수도 ,World
922,  년 만에 최고치  반색한 일본 기대감 속 신중론 이유,World
923,기차역 지어주고 비번은 쉬쉬 아프리카    갑질에  에 밀착,World
924,이스라엘  의도적 전장 확대 미국 이란 대리전 불붙이나,World
925,아프간서 러시아 민간 항공기 추락해  명 사망,World
926,  관영매체       간섭 뿌리치고 반도체 수출 늘려야 ,World
927, 네타냐후  바이든도 무시   내각 분열 퇴진 압박에 더 극단적  마이 웨이 ,World
928,    군사력 저하  잘 버티는 후티,World
929,우크라군 평균 연령   세   신체적 감정적으로 완전히 지쳐 ,World
930,우크라 동부 러 점령지 포격  최소   명 사망 ,World
931,웜비어 모친 등장시킨 헤일리  김정은 친구 트럼프의 외교 믿을수 있나 ,World
932,황족 여성이 받는 훈장  첩이 받게 만든 친일파  김종성의  히  스토리  ,World
933, 남북의 사소한 충돌이 국지전으로 커질 수도   이영광의 거침없이 묻는 인터뷰 ,World
934,이스라엘  시리아 수도 공습 이란   명 사망,World
935,하마스측  개전후 사망자  만 천명 넘어   인질석방 실현에 의구심 ,World
936, 아프간 추락 항공기는 러시아 구급전세기로 판명    명 탑승 ,World
937,  개혁속도 확 끌어올릴 때    영원히 토론 만 하다 경제 망가져,World
938, 마크롱 프랑스 대통령 일냈다   유럽의 맹주  독일의 굴욕,World
939,태국  하얀 금맥  해프닝  이틀 만에  리튬     만톤 발견 무효 ,World
940, 르포 트럼프  부흥회 유세 로 세 과시 헤일리  게릴라 유세  표심 공략,World
941,트럼프  또 말실수 헤일리  너무 고령  인지 능력 의문 ,World
942,고율관세 수출통제     무력화 대통령 누가 되든   우선주의  충격파,World
943,이스라엘군 개전 후 하마스 전투원        사살  목표에 훨씬 미달 ,World
944,기시다 승부수에도 파벌해체  미완     자민당 균열 커지나  뉴스 투데이 ,World
945,     년  넘은 바이킹 검 발견됐다 글자 확인해 보니  깜짝 ,World
946,열흘째 때려도 안 꺾이는 후티     장기전 계획 수립 중 ,World
947,세계  번째로 달 착륙한   태양전지 고장에  반쪽 성공 ,World
948,      미국의 선택  웜비어  등장시킨 헤일리    김정은 두둔 한 트럼프 공격,World
949,중국 관영지    반도체    간섭 줄이고   수출 늘려야 ,World
950,요동치는 일본 정치   년 넘게 이어진  자민당 파벌  사라질까,World
951,국경도 바닷길도 막힌 중동 역내 무역 관광 위축에 경제 휘청,World
952,   골디락스 금리에    도 최고치  추가 상승 여력 ,World
953,일본 달 탐사선 착륙에도       점짜리 합격   운명 불투명   이유는 ,World
954,이번 주 세계 미리 보기 미 공화당 뉴햄프셔 경선  헤일리 이변  첫 질소가스 사형집행도 주목 월드콕  ,World
955, 리튬     만톤 찾았다  태국의 깜짝 발표 이틀 만에 결국,World
956,내가 펠로시  이름 헷갈린 트럼프에 헤일리  나이 들면 내리막길 당연 ,World
957,중국 경제     년   의 공포 이겨내려 안간힘,World
958,유세 중 시위에 트럼프  쫓아내라     헤일리  야유 말라 ,World
959,시리아 이라크 등 중동 곳곳 폭격음 역내 긴장 고조  중동 화약고  이스라엘 팔레스타인 분쟁 ,World
960,두 번째 경선  뉴햄프셔    트럼프  승기 굳히나 ,World
961,존슨 전 영국총리  트럼프 귀환  세계가 필요로 할 수도 있다 ,World
962, 오픈    샘 올트먼  오일머니 손잡고  엔비디아  독주 무너뜨리나,World
963,중앙일보 특파원 만난 헤일리      더 가까이 더 뭉쳐야  르포 ,World
964,대만 공무원 응시자    년 새 절반   대우 나은 민간부문으로 ,World
965,     만  리튬 있다던 태국  주장 철회  발견된 광물 자원 총량 ,World
966, 회삿일 힘들고  결혼 조건 높아지고  중국 결혼 기피 이유는,World
967,  이스라엘     이란  저항의 축  곳곳서 충돌 확전 위기 고조,World
968, 관영지      간섭 줄이고    반도체 수출 늘려야 ,World
969, 이주민 추방  극우 계획에     만명 시위  나치 정당 금지 ,World
970,우크라 전쟁 곧  년  평균연령   세,World
971,  경제 위기론 속 전문가들      년 성장률    근접할 것 ,World
972,이스라엘서 네타냐후 퇴진 시위 재부상 전시내각엔 균열음  중동 화약고  이스라엘 팔레스타인 분쟁 ,World
973, 희토류 헬륨   등 먼저 확보  달 탐사 경쟁 불붙었다,World
974,미국 본토      북극한파  영향 겨울폭풍  혹한에   명 사망,World
975,포드  전기차 감산  방침 현실화  곧  피바람  분다 ,World
976,이스라엘 시리아 공습에 이란 혁명수비대원  명 폭사 최종 목표는 미국 이란 대리전 ,World
977,이 정도면 나라 망신   리튬     만톤 발견  대박 났다더니 알고보니  만톤,World
978,이스라엘  이번엔 시리아 수도 건물 공습   이란 간부  명 사망,World
979,   년래 최약체 총통 라이칭더  중국에 기회와 도전 ,World
980,러시아에 뒷문 활짝 연 중국 작년 석유 최대수입국은 사우디 아닌 러시아,World
981, 김정은 말보다 과잉 대응이 더 위험    이코노미스트  한반도 전쟁 루머 너무 과장 ,World
982, 헤일리  좌파와 동맹      트럼프 정신 의문  불붙은 비방전,World
983,사상 최고치 찍은     향방은  불 마켓      슈가 러시 ,World
984,처칠이  차 세계대전때 쓴  틀니  경매 나온다 예상 낙찰가는,World
985,  자민당 파벌  개로 축소      위 파벌  존속 주장하며  반발 ,World
986,  평균 나이   살    대 넘은 부대도 우크라군 고령화에 골머리,World
987, 르포     뉴햄프셔 프라이머리   공화는 열기  경선지 변경  민주 냉랭,World
988, 대륙의 유튜브  비리비리  한달  억명 넘게 쓰는데 주가는  뚝 ,World
989, 아슬아슬한 합격  세계  번째 달착륙에도 웃지 않는  ,World
990,우크라이나의 신전략  방어가 최선의 공격 ,World
991,경매에 뜬     만원짜리  틀니  관심 폭발 누가 썼길래,World
992,푸틴이 과시한   억 전차  미국산 우크라 장갑차에  박살 ,World
993, 다리  개  성기  개  영국  에리얼   전세계 온정으로 새삶,World
994, 펠로시와 나를 여러 차례 혼동    헤일리  트럼프 인지능력 공격,World
995,태국   세계  대 리튬 보유국  주장 철회 발표 오류 인정,World
996,    부채 디플레 디리스킹 인구통계의      경제 재앙 직면 ,World
997,경매 나오는 처칠  전시 틀니  낙찰가     만원 예상,World
998,처칠  전시 틀니  경매 나온다 낙찰가  천   만원 예상,World
999, 다리  개  영국 유기견 전세계 성금 모여 새 삶 찾았다,World
1000,우크라 병사 나이가 설마 이정도였어  평균연령   세에 연일 격전 치른다,World
1001,미사일 주고받은 이란 파키스탄 불안한 봉합 최종 승자는 중국 ,World
1002,대만 외교부장  앞으로   정보 조작 더 심해질 것 ,World
1003,일본도 달 착륙 성공했다 미 러 중 인도 이어 세계  번째,World
1004,올트먼의 신생   칩 기업 투자 논의에           소프트뱅크도 합류 ,World
1005,중동 곳곳서 미사일 굉음  확전 막으려면 시간 얼마 없다  종합 ,World
1006, 지방 소득격차 최대    배  위 상하이  내륙 간쑤성 최하위,World
1007,  해군  후티반군 선박공습 요격 미사일 업그레이드,World
1008,활활 타오르는 독일 반극우 시위 전국서   만명 거리로,World
1009,뉴햄프셔 경선 앞두고 공방 가열   헤일리는 트럼프  고령  이슈화  트럼프는    정치인 동원 견제,World
1010, 다리  개  영국 유기견  수술로 새삶 전세계서 모금 답지,World
1011, 세계 최악 끔찍하다  자기 회사 욕한   택배사 챗봇,World
1012, 바이든 경쟁자  필립스  바이든  자유세계 리더 하기에는 너무 늙어 ,World
1013, 우리나라는 글렀어  탈출하는 러 부자들 푸켓 이민러시  만    명,World
1014, 한국이면 민방위 끝났을 나이에  평균   세라는 우크라 군대,World
1015,원서도 안냈는데  대학 합격하셨습니다  입학생 확 늘어난 이 나라,World
1016,   동일본대지진에도 노토지진  피해 예상  재검토 안해   과소 추산,World
1017, 중국  타이완 라이칭더   년만 최약체 총통 예상 희망과 기회 봐 ,World
1018,존슨 전 영국 총리  트럼프 재선  세계에 큰 승리 될 수 있어 ,World
1019,인니 장관        조 천억원 투자해   만대 제조공장 건설 ,World
1020,이란 핵보유 임박했다 이 남자의 절규  지금 세계는 외교  외교  외교가 필요하다 ,World
1021,폴란드 강 바닥서 발견된     년 넘은 바이킹 검,World
1022,일본 자민당 파벌 잇단 해산에도    위 파벌은 존속 결정,World
1023,풀코스 내내  줄담배  피우는 마라토너의 놀라운 기록,World
1024, 벤츠 사랑  김정은  억    만원 새 마이바흐 포착  어떻게 샀나,World
1025,워싱턴 정가 고령 이슈 재부각 트럼프  헤일리 펠로시 혼동,World
1026,이스라엘 미국  중동 곳곳서 친이란  저항의 축 과 충돌,World
1027,사이판 브라질 인도양  한날 몰아친 규모  대 강진,World
1028,    대만 라이칭더   년만 최약체 총통 예상 희망과 기회 봐 ,World
1029,존슨 전 영국총리  트럼프의 백악관 복귀  세계에 필요할 수도 ,World
1030, 친이란  이라크 무장세력  미군기지 공습 미군 다수 부상,World
1031,북 김정은의 노골적 핵위협 미  심각하게 받아들여야 ,World
1032, 올드맨의 귀환  마이너스 금리 종결 앞두고   베테랑 증권맨 쟁탈전 원호연의     ,World
1033, 월급만   억  월가  연봉킹 은 누구   세모금 ,World
1034,시리아 이라크 등 중동 곳곳 이스라엘     저항의 축  공방 확전 우려 고조,World
1035,푸틴 극찬한    억 전차   미국산 장갑차에 산산조각  영상 ,World
1036, 오픈   올트먼    반도체 개발 위해     와 손잡나,World
1037,예멘 후티 반군 공습 실패하고도 태연한 바이든 행정부,World
1038,창살 안에서 시작된 새로운 문화,World
1039,중국 경제 불확실성 국제 사회의 냉정한 전망  와이즈픽 ,World
1040, 인질 데려오고 네타냐후 물러나라  이스라엘서 대규모 시위,World
1041,   년 만의 경사  이라크 국민들 환호 충격에 빠진  ,World
1042,트럼프 맨체스터 유세에 사우스캐롤라이나 주지사 등 불러 헤일리 견제,World
1043, 인질 데려오고  네타냐후 물러나라  이스라엘인들 대거 거리로,World
1044,  년 일하면 집이 한 채  잘나가던 직업  지금은  절레절레   정영효의 일본산업 분석 ,World
1045,대만인들의 선거 관심은 친중 반중 아닌  민생 이었다,World
1046,     년  넘은 바이킹 검  폴란드 강 바닥 진흙서 발견,World
1047, 뉴스  전쟁사 노스트라다무스의 새해  전쟁 예언  주목하는 세계,World
1048,톨게이트서 후진 고속도로 역주행 검거된 베트남 남성이 한 말,World
1049,애 낳으면 노후가 흔들       보고서 속  국민연금 보면     보기 ,World
1050, 특파원 시선  새해 벽두 뉴욕에서 들었던  폭발음 ,World
1051, 노젓기 운동    년 경력   세 아일랜드 선수  신체 나이는   대,World
1052,텐트 치고 오픈런  웃돈   배 미국 휩쓴  스탠리   친환경 맞아 ,World
1053,지난해 사우디 제치고 중국 최대 석유 수출국으로 떠오른  이 나라 ,World
1054,국가가 부부 잠자리까지 간섭  애 낳아라  계속 문자 보낸다고   한중일 톺아보기 ,World
1055,달걀값     급등한 러시아 전쟁자금 국민불만 인플레  삼중고  직면,World
1056,민진당 승리 대만 총통 선거 트럼프 재선에 유리 ,World
1057, 해외 국민도 한 표를    상하이  총선 선거인 등록 열기,World
1058,이라크 알아사드  공군기지 공격받아 바그다드 부근 무인기도 추락,World
1059, 시장 시의원에 교육위원까지    미국 정계 한인들의 약진,World
1060,  정치인 연령 논란 재점화 트럼프  헤일리 펠로시 혼동,World
1061, 한인 청년들 꼭 투표를    캐나다  총선 선거인 등록 한창,World
1062,러시아  작년 중국의 최대 석유 수출국 부상 중동 산유국 사우디도 제쳐,World
1063,청년실업률     줄여 발표    통계 마사지  사이즈가 달랐다,World
1064,클린스만호  딱 최소한의 자존심만 세웠다     강 상대는 일본  사우디 ,World
1065,러  영국 바렌츠해 어업에 제동  피시앤드칩스 위협 ,World
1066,바이든은  두 국가 해법    네타냐후는     ,World
1067,하마스와 전쟁 이스라엘  사상 첫 여군 최전선 투입 왜 ,World
1068,  탐사선 세계  번째로 달 착륙 성공   태양광 패널엔  문제 ,World
1069,이란  첫 위성 발사 성공       궤도 안착 ,World
1070, 아  이럴 줄 몰랐다  유명 언론사도 감원 칼바람 무슨 일이 ,World
1071,유동성 위기   부동산 개발업체 완다  대형 쇼핑몰   개 매각,World
1072,바이든은  두 국가 해법    네타냐후는     ,World
1073,미  북 수중 핵 시험  진위 떠나 문제 전쟁 위협 심각하게 봐야 ,World
1074,이스라엘  최전선에 여군 첫 투입 가자전쟁에   성차별도 깨져,World
1075,이란  위성  소라야  발사 성공      궤도 안착 ,World
1076,경쟁자 헤일리에 인종차별적 공격 이어가는 트럼프,World
1077,  파시스트  재림 우려 커지는 이탈리아  육군 전범 달력까지 이러다가 ,World
1078,전쟁 기후위기에 위험지역 된 해협 운하   물류 경색  비상  세계는 지금 ,World
1079, 파시즘 부활  우려 커지는 이탈리아 육군  전범  달력 발행,World
1080,일본  세계  번째 달 착륙 성공했지만  점수는   점 ,World
1081, 한국인  일본서    조 원 썼다  작년 일본 여행    만 명 육박,World
1082, 불났어요  이번엔 비행 중  엔진 화재  보잉 왜 이러나,World
1083,일본  달 탐사선 착륙 성공 세계  번째,World
1084, 얼굴 달라지면 귀국 못한다     한국  성형 관광  경고,World
1085, 만    원에 드론 격추       거리 동전 맞히는    용의 불꽃  정체,World
1086, 뉴스추적   일 완구회사까지  달 탐사에 참여 전 세계 우주경쟁 가속화,World
1087,트럼프  헤일리 부통령후보 지명 없다  헤일리도  부통령 안해 ,World
1088,이스라엘  건국 후 처음으로 최전선에 여군 투입 전쟁에  군 성차별 도 깨져,World
1089,아마존  일본에   조원 투자     보급으로 데이터량 급증 ,World
1090,   달착륙 성공 판단에도  겨우   점  왜 ,World
1091,이스라엘  시리아 공습으로  명 사망 친이란 세력 사용하던 건물 타깃 상보 ,World
1092,가자지구부터 파키스탄까지 이란  중동분쟁  단골된 이유는,World
1093,이스라엘군  시리아 수도 공습  이란혁명수비대원  명 등 사망 ,World
1094, 나 건강해  건재 과시     세  푸틴  영하 날씨에도 얼음물  풍덩 ,World
1095,엔진에  불  붙고 도로에  비상착륙  미 잇단 비행 사고,World
1096,  세 푸틴  올해도 얼음물 입수  크렘린궁 발표  건강과시 ,World
1097,  도  최전선 에서 싸운다 이스라엘  군 성차별   가자전쟁에 깨져,World
1098, 포착  가자지구 공동묘지 파헤친 이스라엘군 위성에  딱 ,World
1099, 바이든  년  살림살이 나아지셨나  트럼프가 자신만만한 까닭  박민기의 월드버스 ,World
1100,이스라엘  가자 최전선에 여군 첫 투입,World
1101, 지구촌톡톡  지난해 일본 찾은 한국인    만명 방문객 중  위  ,World
1102,이스라엘  가자전쟁 최전선에 여군 첫 투입,World
1103, 지구촌톡톡  브루나이 왕자의 초호화 결혼식 하객들도 세계 정상급  ,World
1104, 최전선에 여자가 나타났다  이스라엘  전쟁에 여군 투입 이러다가 ,World
1105,네타냐후  두국가 해법  기조 바뀌나 바이든  불가능하지 않다  이 팔 전쟁 ,World
1106,내각 분열 거센 시위 다중압박 처한  마이웨이  네타냐후 정부,World
1107,마크롱  러시아 승리 안보종말  무기증산 혁신 주문,World
1108,이  하마스 최전선에 여군 건국이래 첫 투입 군 성차별 깨졌다,World
1109,이스라엘  외교해법 없으면 헤즈볼라와도 전쟁 ,World
1110,바이든 네타냐후  가자해법  인식차 전쟁 확산할라,World
1111, 개  개 축소  일 자민당 파벌  해체 기로 관건은  인자 선택,World
1112, 자막뉴스  끝이 보이지 않는 컨테이너 행렬    중국  일대일로  근황,World
1113, 개  개 축소   자민당 파벌  해체 기로 관건은  인자 선택,World
1114, 총리가 선수단에게 포상금 지시  이라크 전역    년만에   꺾고 난리났다,World
1115,달 착륙  턱걸이  성공한     겨우   점 합격  침통,World
1116,   키우는 메타 수조원 들여 엔비디아 칩 확보,World
1117,  배터리 기업들  세계 최대 리튬 보유국 칠레 진출 타진,World
1118, 우크라에 포탄    만발을   또 총대 멘 에스토니아 총리,World
1119,  달 탐사선  착륙했지만    점짜리 성공  촬영 목표치 못 채울 듯,World
1120,푸틴이 자랑했던   억짜리 전차 미국산 장갑차에 완전히  박살 ,World
1121,한 달만에 통화한 바이든 네타냐후   입장차 뚜렷,World
1122,바이든 네타냐후 한 달만의 통화에도  두 국가 해법  이견만 부각,World
1123, 한국 닮은 꼴  대만  홍콩이 되길 거부하다,World
1124,뉴햄프셔 경선 코앞  트럼프 지지한 흑인 중진 한방 먹은 헤일리,World
1125, 왕이  홍해 긴장 고조 말고 예멘 주권 존중하라  비판 이 팔 전쟁 ,World
1126, 겨우 합격인   점  굳은 표정 달 착륙 성공에도   분위기  침통 ,World
1127,  배터리 기업들 칠레 공장 욕심낸다는데,World
1128,   세계  번째 달 착륙 성공 동력 잃어  절반의 성공 ,World
1129,한 달 만의 통화인데 바이든 네타냐후  불협화음 만 부각,World
1130,중동 확전 우려 키웠던 이란 파키스탄  사흘 만 극적 화해,World
1131,헤일리  트럼프의 부통령 싫다   인자 안 할 것 ,World
1132,공습 주고받던 이란 파키스탄  사흘 만에  화해 ,World
1133,미사일 쏘다  형제여  이란 파키스탄 화해,World
1134,한 달만의 통화인데 바이든 네타냐후  불협화음 만 부각,World
1135,    대만 라이칭더  절반의 승리 에 희망 기회 엿보고 있어 ,World
1136,공습 주고받던 이란 파키스탄  사흘 만에  형제의 나라  화해,World
1137,  기업들  칠레 리튬공장 설립 검토  양극재  수출 노려 ,World
1138,미군  노후 핵미사일 교체 비용 껑충  중 러 견제 차원 ,World
1139, 이스라엘 하마스  둘 다 가자지구 통제력 상실 ,World
1140, 추가 비용 안내려면 집에 가    가이드  여성 관광객 협박,World
1141,파키스탄 이란  갈등  일 만에 긴장 완화  형제의 나라  종합 보 ,World
1142,    떨어진 동전 맞출 정도     레이저무기  용의 화염 ,World
1143, 자막뉴스  일본  세계  번째로 달 착륙   가장 공 들인 기술 성공할까 ,World
1144, 은퇴자 천국 이었던 이 곳  어쩌다  갱단의 나라  됐나,World
1145, 시속     이상 달리면 벌금  대혼란,World
1146,크렘린궁  푸틴   답방 조율 중    이번엔 보잉 화물기 불 나,World
1147,푸틴    년 만에 북한 가나    크렘린궁  일정 조율 중 ,World
1148,  달착륙 성공에도 책임자가  겨우   점  이유는,World
1149, 생각보다 안 팔리네  포드도 감산,World
1150,미국  김정은 전쟁 위협 심각하게 봐야 수중핵시험 진위 떠나 문제 ,World
1151,대통령이 하의실종 패션을  정미경의 이런영어 저런미국 ,World
1152, 르포   하와이 핑크 연못 아름답다고요  가까이서 보면 마음 아파요   하와이  희망의 싹 틔우다 ,World
1153,  피트 인공지능    의 습격,World
1154,마크롱  러시아 승리는 유럽 안보의 종말    전시경제  돌입 촉구,World
1155,중동 무력 충돌 이란 파키스탄  사흘 만에  형제의 나라  화해,World
1156, 나는 이래서   을 지지했다  대만인   명의 답변 시차적응 ,World
1157,포격에 보복 공습 이란 파키스탄  전격 화해 중동 확전 급한 불 끄나,World
1158, 영상  화염 휩싸인 채 나는 비행기 보잉      엔진 화재로 비상착륙,World
1159, 왕이  홍해 긴장은 가자지구 충돌 파급효과 기름 붓지 말라 ,World
1160,총통 선거로 맞선 대만  중국  우리 영토  윽박,World
1161,달 착륙에도 태양전지 문제로 웃지 못한 일본  겨우 합격인   점 ,World
1162,    이 팔 아랍 외무장관 초청 한데 모여  전후 평화  논의한다 이 팔 전쟁 ,World
1163,이 팔 유럽 중동 외무장관 벨기에 회동   가자 종전 논의 ,World
1164,미군  열흘 새 후티 여섯 번이나 타격  공세 수위 더 높인다 ,World
1165,       년 달 착륙선 발사하는데   착륙 성공,World
1166, 안 팔았다는데 어떻게   김정은     억 벤츠 컬렉션  논란,World
1167,보잉기 또 사고 이번엔 엔진 화재로 비상 착륙,World
1168,공습 주고받던 이란 파키스탄  사흘 만에  형제의 나라  화해 종합 ,World
1169,서안지구에서 희망을 잃어가다,World
1170,이스라엘 헤즈볼라 전면전 벌어지나   몇 주 내 전쟁  가능성,World
1171,장기전에 안팎으로 도전받는 네타냐후    전시 각료와 갈등,World
1172,  세계  번째 달착륙 성공 우주강국 경쟁 뜨거워진다,World
1173,백악관  김정은 전쟁 위협 심각  수중 핵무기 진위 떠나 문제 ,World
1174,푸틴이 극찬한 전차    장갑차에 산산조각,World
1175,미군  열흘새 후티 여섯번이나 타격  공세 수위 더 높인다 ,World
1176,일본  달 표면 밟은 다섯 번째 나라 등극,World
1177,이스라엘   헤즈볼라와도 전쟁   에 으름장 바이든 또 악재,World
1178,확전 우려 중동  벨기에로 총출동  가자 해법  논의한다,World
1179,태국      만톤 리튬 매장지 발견    세계  위 규모 ,World
1180,크렘린궁  푸틴   답방 조율 중    이번엔 보잉 화물기 불 나,World
1181, 해외 미디어 동향  인스타 창립자가 만든 뉴스앱   년 만에 문 닫는 이유,World
1182,  일 전쟁 당사자와 주요 아랍국 외무장관 집결 가자 해법 찾나 ,World
1183,네타냐후 겨냥해  이스라엘의 책임  거론한 바이든,World
1184,    는 사실이고  존재한다   원샷 국제뉴스 ,World
1185, 체급 차이  무시하고 미국산 장갑차  러시아 주력 전차 박살냈다,World
1186,기술주 랠리에        사상 최고치 경신        선 돌파,World
1187,   세  푸틴 또 훌렁 벗고 얼음물 입수  심정지설 불식,World
1188,유럽 각국 러시아의 나토 회원국 침공 가능성 대비 촉구,World
1189, 난 안추워  영하 날씨에 얼음물 풍덩   세 푸틴,World
1190, 중세도 아니고    난방 끄고 끼니 거르고 샤워도 안한다       ,World
1191,    억 어디에 쓸까   토론 참여자도 회당    만 원 준다,World
1192,미국  김정은 전쟁 위협 심각하게 봐야 수중핵시험 진위 떠나 문제 ,World
1193,미  대 기술기업 중  개 기업 주가 사상 최고치 경신,World
1194,중국이 가장 두려워하는 라이칭더 총통 당선인  시진핑과 힘겨루기 나선다,World
1195,   억년 전 거대 블랙홀 발견   기존 이론으로 설명 못해 ,World
1196,화염 내뿜으며 하늘 나는 비행기  또 보잉   엔진 화재로 비상착륙,World
1197, 노익장 과시     세 푸틴  올해도 영하 날씨에 얼음물 입수,World
1198, 포착  비행 중 엔진에 불꽃이 화염 휩싸인   보잉    ,World
1199,   군비경쟁     사상 최고 다음주 반도체 실적 주목  김현석의 월스트리트나우 ,World
1200,이 하마스 중동  벨기에로 총출동  가자 해법  연쇄 협상,World
1201,김정은의  마이바흐  포착 벤츠   북한과 거래금지  철저 조사 중 ,World
1202,영화  투모로우  현실되나 영하      도라는 미국 얼마나 춥길래   글로벌 ,World
1203,          년 챔피언 한국에 배우자   미식의 나라  프랑스가 따라한다는  이것 ,World
1204,  탐사선 세계  번째로 달 착륙 성공   태양광 패널엔  문제 ,World
1205,일본  세계  번째로 달 착륙 성공  태양전지 발전은 안돼 ,World
1206,위험한  핵  극 체제 가 열리고 있다,World
1207,김정은의 벤츠  조사 중 ,World
1208,테슬라        리비안        전기차 혼조 상보 ,World
1209,일본  세계서  번째로 달 착륙 성공  탐사선 태양전지 발전 안돼 ,World
1210,애플도      상승  이틀 연속 랠리 시총   에 근접,World
1211,다윗과 골리앗의 전투    브래들리  러시아 주력 탱크 박살냈다,World
1212, 특파원 시선  무관심 홍콩    뜨거운 대만  극과 극  선거 풍경,World
1213,성공하면   조원  실패하면  연봉  원  어느    의  미친 계획   백수전의  테슬람이 간다  ,World
1214,   올해  드래곤 베이비  기대 어렵다 저출산 지속될 전망,World
1215,한국 군사력  글로벌 톱  에 드디어 진입했다 북한은   위 딥포커스 ,World
1216, 내 대만행 비행기는 뜰 수 있나   파업 가능성에 관광객  발동동 ,World
1217,필라델피아반도체지수 전일       오늘은       급등 종합 ,World
1218,타이완 총통선거   년전엔  말린망고  이번엔  이것 이 승패 갈랐다  특파원 리포트 ,World
1219, 중동 화약고 에 불 붙이려는 친이란  저항의 축  의도는 딥포커스 ,World
1220,타이완  자국민에 중국 방문 자제령  체포 우려 ,World
1221,    연일 사상 최고  새해 들어서    가    랠리 주도 종합 ,World
1222, 제 의 엔비디아     도       급등  또 사상 최고 상보 ,World
1223,  탐사선 세계  번째로 달 착륙 성공   태양광 패널엔  문제 ,World
1224,엔비디아    이상 급등  또 사상 최고 시총    조달러 육박,World
1225,바이든  네타냐후   국가 해법  반대 후 통화  견해 변함없다  이 팔 전쟁 ,World
1226,미국  김정은 전쟁 위협 심각하게 봐야 수중핵시험 진위 떠나 문제 ,World
1227,푸틴이 과시한 전차  미국산 장갑차에 박살 영상 ,World
1228,    년 정당  중국국민당의 고민  당명 바꿔야 하나 ,World
1229,해설과 함께 읽는 이번 주 국제정세       ,World
1230,  탐사선  달 착륙 성공   핀포인트  착륙 성공 검증  달 소요 ,World
1231,    수중핵무기시험 파악중 김정은 발언 심각히 받아들여야 ,World
1232,뉴햄프셔 결전 앞두고 팀 스콧 상원의원   트럼프 지지 ,World
1233,크루그먼    경제부진에 기뻐해선 안돼 모두의 문제될 수도 ,World
1234,트럼프  대선 출마자격 박탈시 혼돈과 난리  연방대법원에 경고,World
1235,보잉기 또 사고 이번엔     화물기 엔진 화재로 비상 착륙,World
1236, 북 러 군사협력 전례없는 수준  동북아   위협   년간 극적으로 바뀔 것 ,World
1237,일본  세계  번째로 달 착륙 성공  탐사선 태양전지 발전 안돼  종합 보 ,World
1238,일본 달 탐사선 슬림  착륙은 했지만  태양전지 발전 안돼  종합 ,World
1239,헤일리  이번엔    인종차별국가였던 적 없다  발언 논란,World
1240,아이폰처럼 바람 일으킬까 애플  비전 프로  사전판매 개시,World
1241,파키스탄 이란 외무장관 통화  긴장 완화 합의  종합 ,World
1242, 대만    총통 당선  한 중 소통 더 중요해졌다 ,World
1243,일본  탐사선  슬림  고도     달 착륙 성공 여부 분석 중 ,World
1244,  볼로냐 최고속도 시속     제한에 논란 거세,World
1245,달 탐사 도전하는    트랜스 포머  로봇으로 달 가로지른다,World
1246,  세인데 신체나이는   대 비결 뭐길래 ,World
1247,독일 귀화요건 완화 빠르면 거주  년만에 국적 취득,World
1248,마돈나 또 지각 공연   양심 없나  뿔난 관객에 피소,World
1249,크렘린궁  푸틴 대통령의   방문 시기 조율  신냉전 우려,World
1250, 이란 동남부 공습  파키스탄  긴장 고조 원치 않는다 ,World
1251, 나랑 놀자  가지마  관광객 여권 사정없이 찢어버리는 원숭이  주의보 ,World
1252,러  푸틴 방북일정 조율 중  성사되면   년만의 북한행 종합 ,World
1253,영국 이코노미스트  한반도 전쟁 위험 너무 부풀려져 ,World
1254, 오늘의 영상  공중 부양 달걀  벌떡 선 휴지  하늘로 치솟은 라면 면발 이게 뭔 일이야 ,World
1255,코로나에도 전용기 타고 그리스 휴가 가더니 네덜란드 국왕 수입 반토박  위기 ,World
1256, 중동 불량배  된 이 나라에 전세계가  미치겠네  전쟁 더 확대되나,World
1257,총리  명을 배출한   자민당 최대 정치파벌 아베파 해산,World
1258, 김정은  트럼프 복귀 기다릴 여유 충분 전쟁 택했다는 진단도 부풀려 진 것 ,World
1259,  이코노미스트  한반도 전쟁 루머 너무 과장 ,World
1260, 이 나라  국민 절반은 한국인에 호감 중국 러시아인엔  역대급 비호감 ,World
1261,홍해 위기에 반사이익    중국 유럽 철도  때아닌 호황,World
1262,      만  리튬 매장지 발견      배터리 산업 긴장,World
1263,파키스탄  보복 공습했지만  이란과의 긴장 고조 바라지 않아 ,World
1264,명목상 평화통일 종치고  핵국가 투쟁 깃발만 남아,World
1265,이사국 자격으로 소집한 첫  문제 회의  안보리 접근 달라져야 ,World
1266,통일장관 특보  중국 파견  노동자 수천명 임금 체불에 폭동 ,World
1267,막내린 다보스포럼  트럼프 재선 가능성에 정계  불안  재계  덤덤 ,World
1268, 아베파  비자금 스캔들 에 해산  개 파벌중 절반 해산 종합 보 ,World
1269,로이터 칼럼니스트  북한  미국에 새 골칫거리 안겨 ,World
1270,젤렌스키의      에도  중국은 가자전쟁에 관심 ,World
1271,타이완  자국민에 중국 방문 자제령  체포 우려 ,World
1272,  자민당 최대 파벌  아베파  해산 발표   년 고착된 파벌 정치 막 내리나,World
1273,중국 요리학교 가면  맨등 위 칼질  배운다  홍보영상에  경악  영상 ,World
1274,튀르키예  또다른 이스라엘 축구선수 조사 계약 해지,World
1275,고개 숙인 기시다  아베파 비자금  파문에 자민당 파벌 절반 해산,World
1276, 이게 누구지   연일  헤일리 때리기  트럼프가 올린 합성사진,World
1277, 종합   검찰 정치자금 수사 용두사미 비판 직면 아베 기시다파 해산 선언,World
1278,인도   과 국경문제 해결되면  기업 투자심사 완화 ,World
1279,막 내린 다보스포럼 전쟁 기후위기 속  울림없는 외침 ,World
1280, 검찰 정치자금 수사 용두사미 아베 기시다파 해산 선언 종합 보 ,World
1281,숙련공 부족에       애리조나  공장 가동도 연기,World
1282, 월클뉴스 일본 정치  파벌  해산 도미노 기시다 승부수 통했나,World
1283, 이슈      긴장감 커지는  홍해  중동 상황 따라 세계 경제도 요동,World
1284,기시다 승부수 통했나    일본 자민당 아베파 해산 결정,World
1285, 우주 기술  참관 목록 포착  북한 위협 극적 변화  우려,World
1286, 하얀 금맥  리튬  백만 톤 발견 중국  리튬 지배력 더 커지나 ,World
1287,눈 가리고 맨몸 위 칼질   요리학교  인간 도마 에 경악,World
1288,한국 군사력 세계    개국 중  위    북한은   위,World
1289,일본인      한국에 친밀감    중국엔    가  친밀감 못 느껴 ,World
1290,  세 노인  심혈관 나이      대  비법은 칠순 넘어 시작한 운동 ,World
1291,카니예 앞니가  번쩍    억짜리 틀니 뭐길래,World
1292,  무당층의 선택도 트럼프   바이든에      앞서 ,World
1293, 기시다파  이어  아베파 도 해산    파벌정치    년 만에 끝날까,World
1294,홍해 위기  팬데믹 당시보다 공급망 더 심각    유휴 선박 투입해야 ,World
1295,통일장관 특보   노동자들  임금체불에 폭동     알지 못해  종합 보 ,World
1296,생성형   수요 대응 빅테크     에 데이터센터 짓는다,World
1297,   개국 축하  라이칭더에 중     여개국  하나의 중국  재천명 ,World
1298, 영상   체급차이 따위 무시해버리는 브래들리 러 최신      전차 박살냈다,World
1299,  노동자 수천명  임금 갈취에 폭동  간부 잡고 인질극도 ,World
1300, 영상  중동전쟁 불씨  홍해 넘어 아시아로 러시아 실전 거친   탄도미사일 가치  껑충 ,World
1301,미국 아랍  팔레스타인 건국 인정  검토에 이스라엘  절대 안돼  발칵,World
1302,            고용 줄어드는 미국  연초부터 구조조정 칼바람 메이시스     명 해고,World
1303,         수단 군벌 내전  즉각 휴전  촉구,World
1304,사우디도 가세했지만    또 미국 치받은 네타냐후에  두 국가 해법  막막,World
1305, 월급 진짜 안오르네  주요국 중 유일한 나라  일본 ,World
1306,나토  러 침공 대비    국  만명 훈련   수십년 만에 최대,World
1307,  유화파들 잇따라  전쟁난다       비핵화  장기목표로 둬야 ,World
1308, 트럼프  대만에 관심없어   중국이 원하는대로 놔둘 수도 ,World
1309,홍해 번쩍  호르무즈 번쩍   중동 불량배  이란 왜 날뛰나,World
1310, 세상만사  가자지구 피난민들의 가장 중요한 일과는 이것,World
1311,외교전문가들      우크라 가자에 깊게 빠져  트럼프 재당선 우려 안해,World
1312,     아마존의 인수 제동 예정  소식에 아이로봇 주가     ,World
1313,기시다  파벌 해체  선언 초강수     정치 생명 걸었다 ,World
1314,중국  홍해 지역 긴장 고조에 기름 붓기 방지해야 ,World
1315,일본의 달 탐사선 오늘 밤 착륙 시도 목표      이내 착륙 성공할까,World
1316, 차이나워치  중국  취업률 통계 잣대 개편 청년실업 심화 탓 ,World
1317,이라크 총리  자국 내 연합군 주둔 불필요  중동 위기 속 기조 변화,World
1318,   개국 축하  라이칭더에       여개국  하나의 중국  재천명  종합 ,World
1319,중국 돌아온 외국인 다시 늘었다는데 무비자 확대 언제쯤,World
1320,  군사력 전년보다  위 올라 세계  위 북한은 ,World
1321, 영상  독일  타우루스  우크라행 막혀  러  이란 미사일 들여올 듯 ,World
1322, 검찰 정치자금 수사 용두사미 기시다 니카이파는 해산 선언 종합 ,World
1323,미군  예멘 본토  차 공격 후티  미국과 직접 대결 영광 ,World
1324, 북극 한파 로 홍역 치르는데 기후 의제 외면   공화당 경선에  매서운 비판 ,World
1325,헤일리 때리기 열올리는 트럼프  이번엔 힐러리 합성사진까지,World
1326, 선원 모두 중국인  후티에  선상 메시지  띄운 홍해 화물선들,World
1327,      홍해 위기에도 에너지 가격은 안정적인 이유,World
1328,중국 올해도    경제 성장 목표치 설정    시장 반응은  글쎄 ,World
1329,홍해 지나는 선박 위협하는 후티   러에는  안전운항  약속,World
1330,우리나라 군사력  세계  대 강국  북한은   위에 그쳐,World
1331,   자동차 수출 첫 세계  위 공식 확인      늘어    만대 ,World
1332, 불법 비자금 파문 에 궁지 몰린 기시다  기시다파 해체  선언,World
1333, 트럼프        바이든      무당층 대상 여론조사서      차,World
1334,이순신이 유전무죄를 비판하다,World
1335,  타임스도 재정난에 해고 칼바람  유력지 잇단 구조조정,World
1336,러시아의 북한산 미사일 사용       무기 수출 기회 ,World
1337, 아랍국가들   팔 국가 수립 유엔 가입  가자지구 종전안 추진 ,World
1338,  노스   발사       기동형 탄두 재진입체 장착 ,World
1339, 기시다  파벌 해체  승부수 통할까  정치생명 건 도박 ,World
1340, 하얀 석유    만  터졌다  옆나라 중국 또  대박 ,World
1341, 불장난 말라      모욕했다    필리핀  대만 문제 놓고  일째 비방,World
1342, 내 월급 내놔  중국 간   근로자 수천명 폭동 왜 ,World
1343,   레바논전 무승부  한국 심판 탓   서경덕  매너부터  일침,World
1344,  전기차  억대 투입 가능한 리튬    만톤  심봤다      시장 가속 충전,World
1345, 자막뉴스 코로나   기원설 강력부정 중국    치사율       변이 바이러스 실험 논란,World
1346, 유조선은 안 건드려  홍해 사태에도 에너지대란 없는 이유 세모금 ,World
1347,한국 군사력  한 계단 올라 세계  위 북한은   위   위,World
1348, 챗    허용  미국 대학 등장    교육계      금지  대신  공존  가나,World
1349,연봉 무려   억인데  뇌물은 못참지    청렴도  위  국가 망신살,World
1350, 비야디  인도네시아에    조원 베팅   번째 해외 공장,World
1351,       만 톤 리튬 매장지 발견  한국 배터리업계 타격 받나,World
1352, 주가만이 진실 말한다  정부 호실적 발표해도  상하이지수  바닥 ,World
1353,대만 에바항공 노조 설 때 파업 가능성 대만 여행객 주의해야,World
1354, 내 월급 내놓으라우    근로자 수천명 폭동  누가 떼먹었길래 ,World
1355,      가오슝에  나노 웨이퍼 공장 추가 건설   조원 투자,World
1356,시진핑  충성경쟁  가열   어록 들려주는 휴대폰 보조 배터리까지,World
1357, 월클뉴스  파벌 해체  기시다의 승부수  아베파  어쩌나,World
1358, 자막뉴스     위협 차원 달라진다    북한 러시아 후폭풍 전망,World
1359, 잭폿  터진 중국  쓰촨성서 리튬    만톤 발견,World
1360,  만원에 샀는데     만원 됐어요  행운의  브로치  알고 보니,World
1361,네타냐후   팔 국가 반대  미국에 전달     최종 입장 아닐 것  이 팔 전쟁 ,World
1362,  세키스이하우스    건설사    조원에 인수,World
1363,두 달 연속    대 지지율 기록한 기시다 파벌 해산 언급하며 민심 달래기,World
1364,길어지는  홍해 리스크   커피 무역 판도까지 바꾼다,World
1365,예멘 후티 반군  중국 러시아에는 홍해 안전운항 약속,World
1366, 뉴햄프셔에서도 바람 이어간다  트럼프  턱밑 추격 헤일리에 맹공,World
1367,  기시다 총리의 파벌 해산에 반발 목소리도 정치 목숨 건 도박 ,World
1368, 기자의 눈  일본은  여소야소  무당파층이     육박,World
1369, 전설의 검 이 강바닥에     년 된  바이킹 검  발견,World
1370, 바나나 나무까지 동원해 방어   아이티  갱단 공격으로 폭력 급증,World
1371, 간부 인질로 잡고     중국에서 벌어진    특대형 사건  전말  지금이뉴스 ,World
1372,중국서    만  규모 리튬 매장지 발견      배터리 경쟁력 약화 우려,World
1373,한국 군사력  전세계  위   과 격차 더 벌어져,World
1374,   세인데 신체나이는   대  비결은 ,World
1375,한국 군사력 세계  위로  껑충  북한은   위로  계단 하락,World
1376,푸틴  김정은의 새로운  물주 로 급부상,World
1377,토마호크 미사일    기 구매한    절반 먼저 달라  왜,World
1378, 좀비 영화 속 걷는 듯  대공세 끝난 가자 북부  휴전은 요원,World
1379, 서    만  리튬 매장지 발견  내수용으로 쓰일 듯 ,World
1380,음주에는 엄격한 캐나다 문화  아무데서나 사지도 먹지도 못해 통신    ,World
1381,네타냐후  팔레스타인 건국 반대 이란 공격하고 있다 ,World
1382,미 당국자  북러 협력으로 북 위협   년간 극적으로 바뀔 것 ,World
1383,      가오슝에  나노 웨이퍼 공장 더 짓는다   조원 투자,World
1384,네타냐후  팔레스타인 국가 건설 반대 미국 구상 정면 반박,World
1385,      효과  삼전       하이닉스         반도체 일제 랠리,World
1386, 처갓집 방문  늦게 가세요  유쾌발랄 전광판 역사속으로,World
1387, 전기차 안 사요  결국 터졌다  초유의 사태  맞은 독일 ,World
1388,석유 왕국이 변하고 있다  파일럿      의 아라비안나이트 ,World
1389,사면초가 우크라이나 젤렌스키  트럼프가 뭘 할지 걱정 ,World
1390, 러 침공 대비  나토     개국  만명  군사 훈련 내주 시작 냉전 후 최대,World
1391,  쓰촨성에서    만  규모 리튬 매장지 발견,World
1392, 중국 파견  노동자 수천명  임금체불에 폭동 일으켰다 ,World
1393,시카고 화이트삭스 구장  사우스루프  더    로 이전  통신    ,World
1394,중국  결혼 지참금 규정 손본다  돈 목적으로 결혼 안돼 ,World
1395,타타스틸   웨일스 용광로 폐쇄 소식에 일자리 수 천개 증발 위기 통신    ,World
1396,파죽지세 트럼프 압승 후 더 커진 존재감,World
1397,사우디  브릭스 가입 두고 미 중 사이  골머리 ,World
1398, 그녀가 부통령 되면 쿠데타  트럼프 캠프  헤일리 경계령  왜,World
1399, 중국  민간항공기 시험용 세계 최대 풍동 단지 건설 ,World
